proton_vx_gse,proton_vy_gse,proton_vz_gse,proton_vx_gsm,proton_vy_gsm,proton_vz_gsm
1,34.8,11.2,-329.6,36.3,-4.4
2,,,,,
3,,,,,
4,34.4,10.9,-329.6,35.8,-4.6
5,,,,,
6,34.4,10.2,-329.3,35.5,-5.2
7,34.9,10.6,-326.5,36.2,-5.1
8,,,,,
9,,,,,
10,35.1,10.2,-326.6,36.1,-5.5
11,,,,,
12,34.6,10.5,-326.3,35.8,-5.1
13,,,,,
14,34.8,8.5,-329.5,35.2,-6.9
15,,,,,
16,37.1,6.6,-330.0,36.4,-9.7
17,36.9,7.5,-328.2,36.6,-8.8
18,,,,,
19,37.1,7.4,-327.6,36.7,-9.0
20,,,,,
21,,,,,
22,37.6,7.6,-327.5,37.3,-9.0
23,,,,,
24,36.6,6.0,-327.2,35.7,-10.1
25,36.2,5.8,-326.6,35.2,-10.1
26,,,,,
27,,,,,
28,34.8,5.1,-326.2,33.7,-10.2
29,35.1,5.4,-325.8,34.1,-10.0
30,,,,,
31,35.1,7.5,-326.1,34.9,-8.1
32,,,,,
33,,,,,
34,35.5,8.6,-326.2,35.8,-7.3
35,34.3,7.6,-324.8,34.3,-7.8
36,,,,,
37,,,,,
38,32.1,4.8,-324.4,31.1,-9.3
39,32.0,5.2,-323.1,31.2,-8.9
40,,,,,
41,31.3,5.4,-322.8,30.6,-8.5
42,,,,,
43,30.7,5.5,-321.8,30.1,-8.2
44,,,,,
45,30.4,5.7,-321.0,29.9,-7.8
46,,,,,
47,29.7,5.8,-320.5,29.3,-7.5
48,,,,,
49,29.8,6.3,-319.8,29.6,-7.1
50,,,,,
51,30.6,6.8,-318.5,30.6,-7.0
52,,,,,
53,,,,,
54,30.0,5.7,-316.4,29.5,-7.7
55,,,,,
56,29.9,5.2,-317.4,29.2,-8.2
57,,,,,
58,29.8,5.0,-317.4,29.0,-8.3
59,29.7,6.7,-314.6,29.7,-6.7
60,,,,,
61,,,,,
62,29.9,12.4,-311.5,32.3,-1.7000000000000002
63,,,,,
64,28.3,8.5,-313.1,29.2,-4.5
65,,,,,
66,26.9,7.7,-313.3,27.6,-4.7
67,28.6,13.4,-311.0,31.6,-0.30000000000000004
68,,,,,
69,,,,,
70,29.4,11.9,-311.2,31.7,-2.1
71,,,,,
72,27.6,4.9,-312.5,27.0,-7.5
73,,,,,
74,26.8,4.5,-312.6,26.2,-7.6
75,,,,,
76,24.9,4.9,-315.9,24.6,-6.4
77,24.4,5.4,-315.6,24.4,-5.7
78,,,,,
79,,,,,
80,25.6,6.8,-316.0,26.0,-5.0
81,,,,,
82,26.2,7.7,-313.8,27.0,-4.5
83,25.4,8.7,-314.8,26.7,-3.2
84,,,,,
85,26.3,8.5,-316.4,27.4,-3.8
86,,,,,
87,26.4,8.9,-316.3,27.6,-3.5
88,,,,,
89,,,,,
90,27.3,9.3,-316.3,28.6,-3.5
91,27.8,8.7,-316.8,28.8,-4.3
92,,,,,
93,28.3,9.5,-315.4,29.6,-3.8
94,,,,,
95,29.7,9.0,-315.6,30.7,-4.9
96,30.5,8.3,-315.9,31.1,-6.0
97,,,,,
98,31.2,8.2,-316.1,31.7,-6.3
99,,,,,
100,30.9,7.9,-315.7,31.3,-6.5
101,,,,,
102,30.9,10.3,-316.2,32.3,-4.3
103,,,,,
104,32.1,10.7,-316.5,33.5,-4.5
105,,,,,
106,31.1,9.5,-315.0,32.1,-5.1
107,,,,,
108,,,,,
109,29.4,9.6,-313.1,30.7,-4.4
110,29.1,10.8,-314.4,30.8,-3.2
111,,,,,
112,28.6,11.2,-314.8,30.6,-2.6
113,,,,,
114,,,,,
115,29.5,12.9,-315.3,32.2,-1.5
116,,,,,
117,30.7,13.8,-313.9,33.6,-1.1
118,,,,,
119,31.6,11.9,-313.3,33.6,-3.3
120,,,,,
121,32.7,13.8,-313.3,35.4,-2.0
122,,,,,
123,32.0,14.7,-312.4,35.2,-1.0
124,,,,,
125,33.2,14.1,-313.8,36.0,-2.1
126,36.2,13.1,-314.5,38.3,-4.3
127,,,,,
128,,,,,
129,35.0,11.5,-314.6,36.5,-5.3
130,,,,,
131,35.9,11.2,-316.2,37.2,-5.9
132,,,,,
133,36.1,13.6,-316.4,38.4,-3.9
134,32.7,12.1,-314.6,34.6,-3.7
135,,,,,
136,32.4,12.0,-315.0,34.3,-3.6
137,,,,,
138,32.6,12.5,-314.5,34.8,-3.4
139,,,,,
140,35.7,16.2,-317.9,39.2,-1.4
141,,,,,
142,35.7,14.7,-317.7,38.5,-2.8
143,,,,,
144,,,,,
145,38.0,17.8,-318.5,41.9,-1.0
146,38.2,18.9,-318.7,42.6,-0.1
147,,,,,
148,,,,,
149,36.9,15.6,-318.2,40.0,-2.5
150,37.2,14.5,-317.1,39.8,-3.6
151,,,,,
152,37.2,15.8,-318.1,40.4,-2.5
153,,,,,
154,,,,,
155,38.3,17.4,-318.4,42.0,-1.6
156,37.4,14.4,-316.5,39.9,-3.8
157,,,,,
158,,,,,
159,35.9,18.7,-319.3,40.5,0.6000000000000001
160,36.6,16.7,-319.3,40.2,-1.4
161,,,,,
162,35.9,12.2,-316.8,37.6,-5.2
163,,,,,
164,37.8,12.8,-316.5,39.5,-5.5
165,,,,,
166,,,,,
167,37.9,13.8,-316.3,40.0,-4.7
168,,,,,
169,38.7,12.9,-315.7,40.4,-5.9
170,,,,,
171,40.5,13.8,-314.9,42.3,-5.9
172,38.9,13.9,-316.0,41.0,-5.1
173,,,,,
174,,,,,
175,43.2,10.9,-316.3,43.5,-9.7
176,,,,,
177,41.1,17.1,-319.8,44.4,-3.3
178,,,,,
179,37.6,18.4,-321.7,41.9,-0.5
180,,,,,
181,43.6,18.9,-325.9,47.5,-2.7
182,37.5,18.9,-321.5,42.0,0.0
183,,,,,
184,,,,,
185,43.5,17.8,-319.7,46.9,-3.7
186,45.3,15.3,-322.2,47.4,-6.8
187,,,,,
188,41.0,16.8,-326.5,44.2,-3.5
189,,,,,
190,,,,,
191,31.8,20.6,-326.3,37.6,4.0
192,,,,,
193,32.4,10.7,-293.0,33.7,-5.1
194,-1.2,8.5,-287.5,2.8,8.2
195,,,,,
196,2.3,13.0,-324.9,8.0,10.5
197,,,,,
198,0.1,34.0,-337.2,15.5,30.3
199,,,,,
200,-3.6,23.0,-289.7,7.2,22.2
201,,,,,
202,-3.1,37.7,-288.0,14.4,35.0
203,,,,,
204,,,,,
205,13.8,46.8,-342.1,33.5,35.5
206,-1.5,32.8,-334.8,13.5,29.9
207,,,,,
208,-1.4,20.5,-294.8,8.0,18.9
209,,,,,
210,,,,,
211,23.6,15.7,-286.9,28.2,3.3
212,,,,,
213,2.7,18.9,-362.9,11.0,15.6
214,14.7,36.0,-384.7,29.5,25.4
215,,,,,
216,,,,,
217,-2.7,7.7,-291.3,1.1,8.1
218,,,,,
219,-1.7000000000000002,14.2,-448.8,5.0,13.4
220,12.0,12.3,-322.2,16.3,5.5
221,,,,,
222,-2.7,12.7,-286.9,3.3,12.5
223,,,,,
224,10.0,21.0,-286.2,18.5,14.2
225,,,,,
226,-10.4,34.3,-450.6,6.3,35.2
227,-4.2,11.1,-431.8,1.3,11.8
228,-5.1,13.6,-446.2,1.7000000000000002,14.4
229,-4.2,68.9,-451.8,27.7,63.3
230,-4.0,15.7,-451.1,3.6,15.9
231,32.1,14.2,-290.4,35.0,-2.0
232,6.3,8.0,-289.3,9.2,4.3
233,30.8,6.7,-290.1,30.4,-8.1
234,13.9,15.9,-288.4,19.6,7.8
235,-9.0,29.9,-339.0,5.7,30.7
236,-7.0,23.8,-330.9,4.6,24.4
237,-4.4,11.7,-466.8,1.4,12.4
238,-4.4,11.7,-466.5,1.4,12.4
239,-4.4,11.8,-470.5,1.5,12.5
240,-4.4,11.7,-469.7,1.4,12.4
241,-4.3,11.8,-469.7,1.6,12.5
242,-4.3,11.8,-469.8,1.6,12.5
243,-4.4,11.8,-470.2,1.5,12.5
244,-4.5,11.9,-470.3,1.5,12.6
245,-4.4,11.8,-469.9,1.5,12.5
246,-4.4,11.8,-470.3,1.5,12.5
247,-4.4,11.8,-470.4,1.5,12.5
248,-4.4,11.8,-469.4,1.5,12.5
249,-4.5,11.8,-470.5,1.4,12.5
250,-4.4,11.8,-469.7,1.5,12.5
251,-4.4,11.8,-470.5,1.5,12.5
252,-4.5,11.8,-470.5,1.4,12.6
253,-4.4,11.9,-469.8,1.5,12.5
254,-4.4,11.8,-470.4,1.5,12.5
255,-4.4,11.8,-470.3,1.5,12.5
256,-4.4,11.8,-470.8,1.5,12.5
257,-4.4,11.8,-470.8,1.5,12.5
258,-4.4,11.8,-470.4,1.5,12.5
259,-4.5,11.9,-470.8,1.5,12.6
260,-4.4,11.8,-470.8,1.5,12.5
261,-4.4,11.8,-470.6,1.5,12.5
262,-4.5,11.9,-470.2,1.5,12.6
263,-4.5,11.9,-470.7,1.5,12.6
264,-4.4,11.8,-470.6,1.5,12.5
265,-4.5,11.9,-470.5,1.5,12.6
266,-4.5,11.9,-470.5,1.5,12.6
267,-4.5,11.8,-470.6,1.4,12.5
268,-4.5,11.9,-470.7,1.5,12.6
269,-4.4,11.9,-470.9,1.6,12.6
270,-4.4,11.8,-470.7,1.5,12.5
271,-4.4,11.8,-470.7,1.5,12.5
272,-4.5,11.9,-470.6,1.5,12.6
273,-4.4,11.9,-471.1,1.6,12.6
274,-4.4,11.9,-470.7,1.6,12.6
275,-4.4,11.8,-470.5,1.5,12.5
276,-4.5,11.9,-470.6,1.5,12.6
277,-4.5,11.8,-470.7,1.5,12.6
278,-4.4,11.9,-471.1,1.6,12.6
279,-4.7,11.8,-470.4,1.3,12.6
280,-107.8,-2.1,-469.3,-96.6,47.9
281,-103.8,4.1,-470.3,-90.2,51.6
282,-4.5,11.9,-470.4,1.5,12.6
283,-4.4,11.8,-470.7,1.6,12.5
284,-55.5,8.0,-470.5,-45.5,32.8
285,-4.5,11.9,-470.7,1.5,12.6
286,-4.4,11.9,-471.4,1.6,12.6
287,-4.4,11.8,-470.9,1.6,12.5
288,-4.4,11.8,-471.2,1.6,12.5
289,-102.0,0.8,-470.7,-90.1,47.8
290,-4.4,11.8,-471.5,1.6,12.5
291,-4.4,11.9,-471.5,1.6,12.6
292,-4.4,11.9,-471.4,1.6,12.6
293,-4.4,11.9,-471.0,1.6,12.6
294,-4.4,11.9,-471.0,1.6,12.6
295,-4.6,11.8,-471.0,1.4,12.6
296,-67.0,2.0,-471.4,-58.5,32.8
297,-111.6,0.6000000000000001,-471.0,-98.7,52.1
298,-4.3,11.7,-471.5,1.6,12.4
299,-4.4,11.9,-471.4,1.6,12.6
300,-92.5,2.2,-471.4,-81.0,44.7
301,-47.6,8.6,-471.0,-38.2,29.6
302,-100.5,-1.6,-471.4,-89.9,45.0
303,-93.8,0.8,-471.3,-82.9,44.1
304,-102.9,-4.4,-470.8,-93.3,43.7
305,-102.4,-3.9,-471.0,-92.6,43.8
306,-76.3,1.8,-471.5,-66.9,36.8
307,-105.2,-1.6,-471.2,-94.0,47.1
308,-92.5,-0.9,-471.4,-82.4,41.9
309,-102.8,-5.1,-471.5,-93.6,43.0
310,-99.3,-4.8,-471.5,-90.3,41.6
311,-103.7,-0.7000000000000001,-471.3,-92.3,47.2
312,-100.6,0.4,-471.4,-89.1,46.8
313,-99.9,-1.0,-471.3,-89.1,45.3
314,-98.1,-2.8,-471.8,-88.4,42.8
315,-103.7,-2.2,-471.8,-93.0,45.9
316,-107.4,-3.9,-471.1,-97.1,46.1
317,-96.4,0.30000000000000004,-471.3,-85.4,44.7
318,-100.0,-1.2,-471.5,-89.3,45.1
319,-102.1,-2.8,-471.6,-91.9,44.6
320,-101.2,-2.7,-471.7,-91.0,44.3
321,-97.2,-5.9,-471.7,-89.0,39.6
322,-101.8,-2.8,-471.1,-91.7,44.4
323,-95.1,-1.6,-471.3,-85.2,42.4
324,-97.1,-3.1,-471.3,-87.6,42.0
325,-93.8,-1.8,-471.4,-84.1,41.6
326,-83.7,-2.1,-472.0,-75.2,36.7
327,-87.5,1.4,-471.9,-77.0,41.6
328,-99.4,1.1,-471.8,-87.7,46.7
329,-92.9,-3.0,-471.8,-83.8,40.1
330,-98.0,-1.9,-471.8,-87.9,43.4
331,-96.0,-2.8,-471.8,-86.5,41.7
332,-97.6,-3.3,-471.8,-88.2,42.0
333,-99.7,-2.7,-471.8,-89.8,43.5
334,-99.5,-1.6,-471.4,-89.1,44.3
335,-96.9,-1.2,-471.5,-86.6,43.5
336,-95.4,-2.4,-471.6,-85.8,41.8
337,-96.9,-0.5,-471.3,-86.3,44.0
338,-97.1,-2.8,-471.5,-87.6,42.1
339,-95.2,3.7,-471.6,-82.9,47.0
340,-102.6,-2.4,-470.9,-92.2,45.0
341,-97.5,-3.5,-471.1,-88.3,41.6
342,-103.9,13.5,-471.4,-86.1,59.7
343,-4.1,11.0,-420.4,1.4,11.6
344,48.7,25.2,-337.7,54.8,0.1
345,-3.1,8.5,-334.9,1.1,8.9
346,-3.1,8.4,-333.8,1.1,8.9
347,-3.1,8.4,-333.6,1.1,8.9
348,-3.1,8.4,-333.9,1.1,8.9
349,-3.1,8.4,-332.9,1.1,8.9
350,-3.1,15.0,-332.4,4.1,14.7
351,35.5,24.3,-332.7,42.7,5.4
352,35.9,24.3,-332.5,43.0,5.2
353,36.2,24.0,-332.0,43.2,4.8
354,-3.1,8.6,-331.5,1.2,9.1
355,13.9,11.8,-326.5,17.8,4.1
356,34.4,20.4,-328.5,39.9,2.4
357,32.0,18.7,-325.4,37.0,2.0
358,34.0,14.1,-325.3,36.7,-3.0
359,-3.0,8.3,-328.4,1.1,8.8
360,-1.3,9.7,-327.7,3.3,9.2
361,32.5,20.7,-328.1,38.4,3.6
362,30.8,20.9,-327.8,37.0,4.5
363,31.6,21.0,-326.3,37.7,4.3
364,26.8,21.4,-325.5,33.6,6.8
365,28.6,18.6,-324.3,33.9,3.6
366,27.1,17.1,-325.3,31.9,2.9
367,27.6,17.2,-324.4,32.4,2.8
368,28.3,17.4,-324.3,33.1,2.6
369,27.6,16.3,-323.8,32.0,2.0
370,27.7,18.0,-325.2,32.9,3.4
371,28.9,19.4,-326.7,34.5,4.2
372,29.0,18.9,-326.1,34.4,3.7
373,15.1,15.3,-324.4,20.3,6.8
374,28.4,20.4,-324.3,34.5,5.4
375,30.6,21.8,-325.5,37.2,5.6
376,27.3,20.0,-326.7,33.4,5.4
377,30.8,20.4,-328.4,36.7,4.2
378,38.4,0.6000000000000001,-323.9,34.6,-16.8
379,38.6,8.8,-325.6,38.4,-9.6
380,30.6,9.0,-325.2,31.4,-5.8
381,25.9,16.4,-332.2,30.5,3.0
382,28.2,-11.2,-325.0,20.1,-22.7
383,27.3,-22.2,-325.5,14.4,-32.1
384,31.4,-21.9,-325.0,18.2,-33.7
385,34.3,-34.8,-325.4,14.9,-46.5
386,41.9,-31.6,-324.9,23.2,-47.1
387,26.5,-18.7,-326.8,15.3,-28.6
388,37.7,-40.0,-324.6,15.7,-52.6
389,31.1,-26.6,-325.4,15.8,-37.7
390,35.4,-13.1,-325.8,25.8,-27.6
391,-3.1,8.3,-329.4,1.0,8.8
392,32.6,15.6,-329.0,36.1,-0.7000000000000001
393,31.6,15.8,-326.8,35.3,0.0
394,27.9,18.8,-325.7,33.4,4.3
395,28.6,18.0,-324.7,33.6,3.3
396,27.9,16.3,-325.1,32.2,2.1
397,29.0,15.9,-325.9,33.0,1.2
398,29.9,16.8,-326.5,34.3,1.7000000000000002
399,29.5,17.5,-327.7,34.2,2.4
400,-3.0,8.2,-325.9,1.0,8.7
401,32.4,14.0,-326.8,35.2,-1.9
402,32.1,18.6,-328.3,37.0,2.3
403,12.8,11.9,-327.9,16.8,4.9
404,19.3,17.3,-328.4,25.0,6.9
405,19.9,16.0,-328.3,25.0,5.5
406,28.0,19.4,-328.4,33.7,4.9
407,29.7,20.3,-328.4,35.6,5.0
408,32.7,22.2,-328.6,39.2,5.3
409,17.2,15.9,-329.5,22.5,6.6
410,,,,,
411,29.5,19.0,-329.7,34.8,4.0
412,,,,,
413,,,,,
414,29.1,17.2,-330.1,33.7,2.5
415,,,,,
416,37.7,22.3,-330.4,43.7,3.3
417,,,,,
418,40.1,24.8,-331.1,47.0,4.5
419,,,,,
420,36.9,23.7,-330.6,43.6,4.9
421,31.2,23.5,-329.2,38.4,7.3
422,,,,,
423,,,,,
424,33.1,22.6,-329.4,39.6,5.6
425,35.7,23.1,-329.9,42.2,5.0
426,,,,,
427,34.2,20.6,-328.9,39.7,3.4
428,,,,,
429,33.7,22.0,-329.4,39.9,4.9
430,,,,,
431,,,,,
432,33.5,21.9,-328.7,39.7,4.9
433,,,,,
434,30.6,24.2,-328.5,38.1,8.3
435,29.0,21.2,-328.8,35.3,6.3
436,,,,,
437,19.7,15.7,-330.1,24.6,5.4
438,,,,,
439,,,,,
440,-3.0,8.3,-329.7,0.9,8.8
441,,,,,
442,-3.1,8.4,-331.3,0.9,8.9
443,,,,,
444,-3.1,8.4,-331.8,0.9,8.9
445,,,,,
446,34.2,13.4,-330.0,36.6,-3.0
447,,,,,
448,-3.0,8.6,-326.3,1.1,9.1
449,,,,,
450,9.4,11.7,-327.4,13.5,6.4
451,,,,,
452,-3.0,8.3,-327.6,0.9,8.8
453,,,,,
454,-3.0,8.4,-330.8,0.9,8.9
455,,,,,
456,13.2,16.9,-331.7,19.2,9.5
457,,,,,
458,26.4,25.6,-332.6,34.9,11.6
459,,,,,
460,21.5,19.4,-332.2,27.8,8.2
461,,,,,
462,37.8,25.8,-331.1,45.3,6.8
463,-3.0,16.1,-331.4,4.3,15.8
464,,,,,
465,,,,,
466,21.5,17.3,-330.4,26.9,6.2
467,20.4,17.9,-329.2,26.1,7.3
468,,,,,
469,,,,,
470,-2.8,8.4,-327.1,1.1,8.8
471,17.2,12.6,-324.7,21.0,3.9
472,,,,,
473,,,,,
474,28.9,14.7,-325.6,32.4,0.8
475,,,,,
476,29.1,15.5,-328.1,32.9,1.4
477,,,,,
478,12.8,10.0,-326.9,15.9,3.5
479,30.3,16.0,-327.9,34.2,1.4
480,,,,,
481,,,,,
482,-2.8,8.7,-331.6,1.2,9.0
483,34.5,18.4,-330.8,39.1,1.8
484,,,,,
485,-3.1,8.4,-332.0,0.8,8.9
486,,,,,
487,-3.1,8.4,-332.6,0.8,8.9
488,,,,,
489,,,,,
490,-3.1,8.4,-331.6,0.8,8.9
491,,,,,
492,19.9,16.7,-330.8,25.2,6.6
493,,,,,
494,32.4,21.2,-329.1,38.4,5.3
495,27.8,18.1,-328.6,32.9,4.5
496,,,,,
497,,,,,
498,25.4,17.0,-328.2,30.2,4.5
499,33.3,18.0,-330.0,37.8,2.1
500,,,,,
501,,,,,
502,33.7,18.3,-330.6,38.3,2.2
503,,,,,
504,32.8,19.5,-330.0,38.0,3.7
505,,,,,
506,31.9,17.6,-329.3,36.4,2.4
507,33.7,17.4,-329.9,37.9,1.4
508,,,,,
509,38.8,18.9,-329.9,43.2,0.7000000000000001
510,,,,,
511,,,,,
512,31.4,17.8,-329.1,36.0,2.8
513,,,,,
514,37.7,17.9,-330.6,41.8,0.30000000000000004
515,38.9,19.6,-331.6,43.6,1.3
516,,,,,
517,,,,,
518,39.3,19.9,-331.8,44.0,1.4
519,38.5,20.8,-332.2,43.7,2.6
520,,,,,
521,-3.0,8.4,-334.0,0.8,8.9
522,,,,,
523,,,,,
524,-2.7,8.4,-334.4,1.1,8.8
525,-3.0,8.4,-334.2,0.8,8.9
526,,,,,
527,,,,,
528,-3.1,8.4,-334.2,0.7000000000000001,8.9
529,-3.1,8.5,-335.5,0.7000000000000001,9.0
530,,,,,
531,-3.9,10.7,-426.6,0.9,11.4
532,,,,,
533,-3.4,9.4,-373.6,0.8,9.9
534,,,,,
535,,,,,
536,-0.7000000000000001,-5.1,-309.3,-2.8,-4.3
537,3.2,-22.0,-300.0,-6.3,-21.3
538,,,,,
539,,,,,
540,-3.0,8.2,-330.5,0.7000000000000001,8.7
541,,,,,
542,-4.1,11.9,-454.7,1.2,12.5
543,-3.4,9.3,-371.0,0.8,9.8
544,,,,,
545,-15.8,32.0,-312.0,-1.1,35.7
546,,,,,
547,,,,,
548,-3.6,9.9,-364.8,0.8,10.5
549,,,,,
550,-14.4,22.1,-311.1,-3.9,26.1
551,5.9,-32.6,-297.2,-8.2,-32.1
552,,,,,
553,-2.5,0.1,-311.4,-2.2,1.1
554,,,,,
555,,,,,
556,-3.4,-3.0,-374.0,-4.3,-1.3
557,,,,,
558,-2.9,8.0,-314.2,0.6000000000000001,8.4
559,-3.4,8.0,-316.8,0.2,8.7
560,,,,,
561,,,,,
562,-2.9,7.9,-313.5,0.6000000000000001,8.4
563,-2.9,7.9,-313.7,0.6000000000000001,8.4
564,,,,,
565,,,,,
566,-3.6,9.8,-388.9,0.7000000000000001,10.4
567,,,,,
568,-3.7,10.1,-400.2,0.8,10.7
569,,,,,
570,-4.3,11.9,-469.5,0.9,12.6
571,,,,,
572,-4.3,11.9,-469.7,0.9,12.6
573,-4.3,11.9,-469.5,0.9,12.6
574,,,,,
575,-4.3,11.9,-469.3,1.0,12.6
576,,,,,
577,,,,,
578,-4.3,11.9,-469.5,0.9,12.6
579,,,,,
580,-4.3,11.9,-470.1,0.9,12.6
581,-4.3,11.9,-470.1,0.9,12.6
582,,,,,
583,,,,,
584,-4.3,11.9,-469.5,0.9,12.6
585,-4.3,11.9,-469.3,0.9,12.6
586,,,,,
587,,,,,
588,-4.3,11.9,-468.9,0.9,12.6
589,,,,,
590,-4.3,11.9,-469.1,0.9,12.6
591,,,,,
592,-4.3,11.9,-469.7,0.9,12.6
593,-4.3,11.9,-469.5,0.9,12.6
594,,,,,
595,-4.4,11.9,-469.3,0.8,12.7
596,,,,,
597,-4.2,11.8,-469.8,0.9,12.5
598,,,,,
599,-4.4,11.9,-470.0,0.8,12.7
600,,,,,
601,,,,,
602,-4.2,11.9,-469.7,0.9,12.6
603,-4.3,11.8,-469.1,0.8,12.6
604,,,,,
605,,,,,
606,-4.3,11.9,-469.4,0.8,12.6
607,-4.3,11.9,-469.7,0.8,12.6
608,,,,,
609,,,,,
610,-4.3,11.9,-469.2,0.8,12.6
611,-4.3,11.9,-470.0,0.8,12.6
612,,,,,
613,,,,,
614,-4.3,11.9,-469.6,0.8,12.6
615,-4.3,11.9,-469.1,0.8,12.6
616,,,,,
617,,,,,
618,-4.3,11.9,-469.3,0.8,12.6
619,,,,,
620,-4.3,11.9,-469.8,0.8,12.6
621,-4.4,11.9,-470.3,0.7000000000000001,12.7
622,,,,,
623,-4.3,11.9,-469.9,0.7000000000000001,12.6
624,,,,,
625,,,,,
626,-4.3,11.9,-469.9,0.7000000000000001,12.6
627,,,,,
628,-4.4,11.9,-471.0,0.6000000000000001,12.7
629,-4.3,11.9,-471.1,0.8,12.6
630,,,,,
631,-4.3,11.9,-471.0,0.7000000000000001,12.6
632,,,,,
633,,,,,
634,-4.3,11.9,-470.6,0.7000000000000001,12.6
635,,,,,
636,-4.2,11.9,-470.6,0.8,12.6
637,-4.3,11.9,-470.7,0.7000000000000001,12.6
638,,,,,
639,,,,,
640,-4.4,11.9,-471.3,0.6000000000000001,12.7
641,-4.3,11.9,-471.1,0.7000000000000001,12.6
642,,,,,
643,,,,,
644,-4.3,11.9,-470.2,0.7000000000000001,12.6
645,,,,,
646,-4.4,11.9,-470.7,0.6000000000000001,12.7
647,-4.2,11.9,-470.0,0.7000000000000001,12.6
648,,,,,
649,,,,,
650,-4.4,11.9,-469.9,0.6000000000000001,12.7
651,-4.3,11.9,-470.0,0.6000000000000001,12.6
652,,,,,
653,-4.3,11.9,-469.5,0.6000000000000001,12.6
654,,,,,
655,,,,,
656,-4.3,11.9,-469.3,0.6000000000000001,12.6
657,,,,,
658,-4.3,11.9,-470.0,0.6000000000000001,12.6
659,-4.3,11.9,-469.4,0.6000000000000001,12.6
660,,,,,
661,-4.3,11.9,-469.5,0.6000000000000001,12.6
662,,,,,
663,,,,,
664,-4.3,11.9,-469.6,0.6000000000000001,12.6
665,-2.9,7.9,-314.1,0.4,8.4
666,,,,,
667,-4.3,11.9,-467.7,0.6000000000000001,12.6
668,,,,,
669,-4.2,11.8,-469.4,0.6000000000000001,12.5
670,,,,,
671,,,,,
672,-4.3,11.9,-469.3,0.5,12.7
673,-4.3,11.9,-469.7,0.5,12.6
674,,,,,
675,-4.3,11.9,-469.7,0.5,12.6
676,,,,,
677,-4.3,11.9,-469.4,0.5,12.6
678,,,,,
679,,,,,
680,-4.3,11.9,-469.6,0.5,12.6
681,-4.3,11.9,-469.5,0.5,12.6
682,,,,,
683,-4.3,11.9,-469.7,0.5,12.6
684,,,,,
685,,,,,
686,-4.3,11.9,-469.7,0.5,12.6
687,-4.3,11.9,-469.5,0.5,12.7
688,,,,,
689,-3.5,9.7,-381.5,0.4,10.3
690,,,,,
691,,,,,
692,4.5,-6.0,-301.5,1.9,-7.2
693,-2.8,7.9,-311.9,0.30000000000000004,8.4
694,,,,,
695,-4.3,11.9,-469.9,0.4,12.6
696,,,,,
697,,,,,
698,-4.3,11.9,-470.0,0.5,12.6
699,-4.3,11.9,-470.0,0.4,12.6
700,,,,,
701,,,,,
702,-4.3,11.9,-469.7,0.4,12.6
703,-4.3,11.9,-469.8,0.5,12.6
704,,,,,
705,-4.2,11.9,-469.5,0.4,12.6
706,,,,,
707,-4.3,11.9,-470.0,0.4,12.6
708,,,,,
709,-4.3,11.9,-469.9,0.4,12.6
710,,,,,
711,,,,,
712,-4.3,11.9,-470.3,0.4,12.6
713,,,,,
714,-2.9,8.0,-317.5,0.2,8.5
715,,,,,
716,-3.0,8.3,-328.7,0.2,8.8
717,,,,,
718,-3.0,8.3,-329.5,0.2,8.8
719,-4.3,11.6,-456.1,0.2,12.3
720,,,,,
721,,,,,
722,-4.2,11.1,-459.1,0.1,11.9
723,,,,,
724,-2.9,8.0,-384.1,0.2,8.5
725,,,,,
726,-2.9,8.0,-319.1,0.2,8.5
727,,,,,
728,-3.6,10.1,-319.5,0.30000000000000004,10.7
729,,,,,
730,-3.1,8.2,-315.9,0.1,8.8
731,,,,,
732,-2.9,8.0,-316.5,0.2,8.5
733,-4.3,11.9,-470.3,0.30000000000000004,12.7
734,,,,,
735,,,,,
736,-4.2,11.9,-470.2,0.4,12.6
737,,,,,
738,-4.4,11.9,-470.1,0.2,12.7
739,-3.5,9.9,-392.1,0.30000000000000004,10.5
740,,,,,
741,,,,,
742,-3.4,9.5,-381.0,0.2,10.1
743,-2.9,8.0,-314.3,0.2,8.5
744,,,,,
745,,,,,
746,-2.9,8.0,-314.9,0.2,8.5
747,,,,,
748,-3.0,8.1,-317.2,0.1,8.6
749,,,,,
750,-2.9,8.0,-314.9,0.2,8.5
751,,,,,
752,-2.8,8.0,-314.9,0.2,8.5
753,,,,,
754,-2.9,8.0,-314.9,0.2,8.5
755,,,,,
756,-2.9,8.0,-314.9,0.1,8.5
757,,,,,
758,-2.9,8.0,-314.9,0.1,8.5
759,,,,,
760,-2.8,8.0,-315.3,0.2,8.5
761,,,,,
762,-4.3,11.9,-471.2,0.1,12.7
763,,,,,
764,-4.3,11.9,-471.3,0.1,12.7
765,,,,,
766,-4.3,11.9,-470.6,0.1,12.7
767,,,,,
768,-4.3,11.9,-470.4,0.1,12.7
769,-4.2,11.9,-470.5,0.2,12.6
770,,,,,
771,,,,,
772,-4.2,11.9,-469.1,0.2,12.6
773,,,,,
774,-4.3,11.9,-471.6,0.1,12.6
775,-4.2,11.9,-471.6,0.2,12.6
776,,,,,
777,,,,,
778,-4.3,11.9,-470.6,0.1,12.7
779,,,,,
780,-2.9,8.0,-314.7,0.0,8.5
781,-2.9,8.0,-314.9,0.0,8.5
782,,,,,
783,-2.9,8.0,-314.9,0.0,8.5
784,,,,,
785,-3.5,9.7,-383.6,0.0,10.3
786,,,,,
787,,,,,
788,-4.2,11.9,-470.5,0.1,12.6
789,,,,,
790,-2.9,8.0,-314.9,0.0,8.5
791,-3.5,9.7,-384.0,0.0,10.3
792,,,,,
793,-3.6,10.2,-401.2,0.0,10.8
794,,,,,
795,-3.6,9.9,-392.1,0.0,10.6
796,,,,,
797,,,,,
798,-3.6,10.0,-392.5,0.0,10.6
799,-2.9,8.0,-314.9,0.0,8.5
800,,,,,
801,,,,,
802,-3.6,10.0,-393.2,0.0,10.6
803,,,,,
804,-4.3,12.0,-471.1,0.0,12.7
805,-4.3,11.9,-470.8,-0.1,12.7
806,,,,,
807,,,,,
808,-4.3,11.9,-471.1,-0.1,12.7
809,,,,,
810,-4.3,11.9,-471.5,-0.1,12.7
811,,,,,
812,-4.2,11.9,-471.8,0.0,12.6
813,-4.3,12.0,-471.4,-0.1,12.8
814,,,,,
815,-4.3,11.9,-471.4,-0.1,12.7
816,,,,,
817,-4.3,11.9,-471.2,-0.1,12.6
818,,,,,
819,,,,,
820,-4.3,12.0,-471.6,-0.1,12.7
821,,,,,
822,-4.3,11.9,-471.7,-0.1,12.6
823,-4.4,12.0,-471.6,-0.2,12.8
824,,,,,
825,-4.3,11.9,-471.7,-0.2,12.7
826,,,,,
827,-4.3,11.9,-471.4,-0.2,12.7
828,,,,,
829,-4.3,12.0,-471.7,-0.1,12.7
830,,,,,
831,-4.2,11.9,-471.5,-0.1,12.6
832,,,,,
833,-4.3,12.0,-471.7,-0.2,12.7
834,,,,,
835,-4.3,12.0,-471.8,-0.2,12.7
836,,,,,
837,-4.3,12.0,-471.5,-0.2,12.7
838,,,,,
839,-4.3,11.9,-471.7,-0.2,12.7
840,,,,,
841,,,,,
842,-4.3,12.0,-471.2,-0.2,12.7
843,-4.3,12.0,-471.9,-0.2,12.7
844,,,,,
845,,,,,
846,-4.3,11.9,-471.6,-0.2,12.7
847,-4.3,12.0,-472.2,-0.2,12.7
848,,,,,
849,,,,,
850,-4.2,12.0,-471.6,-0.1,12.7
851,,,,,
852,-4.3,12.0,-471.8,-0.30000000000000004,12.7
853,,,,,
854,-4.2,12.0,-471.7,-0.2,12.7
855,,,,,
856,-4.2,11.9,-471.3,-0.2,12.6
857,-4.3,12.0,-471.8,-0.30000000000000004,12.7
858,,,,,
859,-4.2,12.0,-471.8,-0.2,12.7
860,,,,,
861,,,,,
862,-4.3,11.9,-471.8,-0.30000000000000004,12.6
863,-4.2,11.9,-471.8,-0.30000000000000004,12.6
864,,,,,
865,,,,,
866,-4.4,12.0,-471.4,-0.4,12.8
867,-4.3,12.0,-472.0,-0.30000000000000004,12.7
868,,,,,
869,,,,,
870,-4.3,12.0,-471.7,-0.30000000000000004,12.7
871,,,,,
872,-4.3,12.0,-471.7,-0.30000000000000004,12.7
873,,,,,
874,-4.2,12.0,-471.5,-0.30000000000000004,12.7
875,-4.3,12.0,-471.5,-0.4,12.7
876,,,,,
877,-4.3,11.9,-471.6,-0.4,12.6
878,,,,,
879,-4.3,11.9,-471.7,-0.4,12.6
880,,,,,
881,,,,,
882,-4.3,12.0,-471.7,-0.4,12.7
883,,,,,
884,-4.2,11.9,-471.7,-0.30000000000000004,12.6
885,-4.3,12.0,-472.3,-0.4,12.7
886,,,,,
887,,,,,
888,-4.2,12.0,-471.9,-0.30000000000000004,12.7
889,-4.3,12.0,-471.6,-0.4,12.7
890,,,,,
891,-4.2,12.0,-471.6,-0.4,12.7
892,,,,,
893,-4.3,12.0,-472.4,-0.5,12.7
894,,,,,
895,,,,,
896,-4.2,12.0,-471.8,-0.4,12.7
897,-4.2,12.0,-472.2,-0.4,12.7
898,,,,,
899,,,,,
900,-4.2,12.0,-472.1,-0.4,12.7
901,-4.2,12.0,-472.0,-0.4,12.7
902,,,,,
903,,,,,
904,-4.2,12.0,-472.0,-0.5,12.7
905,,,,,
906,-4.2,12.0,-472.2,-0.4,12.7
907,,,,,
908,-4.2,11.9,-472.4,-0.4,12.7
909,-4.2,12.0,-472.5,-0.4,12.7
910,,,,,
911,,,,,
912,-4.3,12.0,-471.6,-0.5,12.7
913,,,,,
914,-4.2,11.9,-471.8,-0.5,12.6
915,-4.3,12.0,-471.3,-0.5,12.7
916,,,,,
917,,,,,
918,-4.3,11.9,-471.7,-0.6000000000000001,12.6
919,,,,,
920,-4.2,11.9,-471.5,-0.5,12.6
921,,,,,
922,-4.3,12.0,-471.8,-0.6000000000000001,12.7
923,,,,,
924,-4.3,12.0,-471.6,-0.6000000000000001,12.7
925,-4.2,11.9,-471.6,-0.5,12.6
926,,,,,
927,,,,,
928,-4.2,11.9,-471.1,-0.6000000000000001,12.6
929,-4.2,11.9,-471.3,-0.6000000000000001,12.6
930,,,,,
931,-4.2,12.0,-471.2,-0.5,12.7
932,,,,,
933,,,,,
934,-4.3,12.0,-472.3,-0.6000000000000001,12.7
935,,,,,
936,-4.3,12.0,-472.5,-0.7000000000000001,12.7
937,,,,,
938,-4.3,12.0,-471.6,-0.7000000000000001,12.7
939,,,,,
940,-4.3,11.9,-471.6,-0.7000000000000001,12.7
941,,,,,
942,-4.3,12.0,-470.9,-0.7000000000000001,12.7
943,,,,,
944,-4.1,11.9,-471.9,-0.5,12.6
945,,,,,
946,-4.2,11.9,-471.4,-0.7000000000000001,12.6
947,,,,,
948,-4.3,11.9,-471.4,-0.7000000000000001,12.6
949,,,,,
950,-4.2,12.0,-471.5,-0.6000000000000001,12.7
951,-4.3,12.0,-471.8,-0.7000000000000001,12.7
952,-4.2,12.0,-471.9,-0.7000000000000001,12.7
953,-4.2,11.9,-471.3,-0.7000000000000001,12.6
954,,,,,
955,-4.2,12.0,-471.5,-0.7000000000000001,12.6
956,,,,,
957,,,,,
958,-4.3,12.0,-471.3,-0.8,12.7
959,,,,,
960,-4.2,12.0,-471.8,-0.7000000000000001,12.7
961,-4.3,11.9,-471.3,-0.8,12.6
962,,,,,
963,-4.3,12.0,-471.5,-0.8,12.7
964,,,,,
965,-4.2,12.0,-471.6,-0.7000000000000001,12.6
966,,,,,
967,-4.3,12.0,-472.4,-0.8,12.7
968,,,,,
969,-4.2,11.9,-471.0,-0.8,12.6
970,,,,,
971,,,,,
972,-4.3,12.0,-471.2,-0.8,12.7
973,,,,,
974,-4.3,12.0,-471.2,-0.9,12.7
975,,,,,
976,-4.3,12.0,-471.3,-0.9,12.7
977,-4.3,12.0,-470.9,-0.9,12.7
978,,,,,
979,-4.3,11.9,-470.8,-0.9,12.6
980,,,,,
981,-4.3,12.0,-471.1,-0.9,12.7
982,,,,,
983,,,,,
984,-4.4,12.0,-471.3,-1.0,12.7
985,,,,,
986,-4.2,12.0,-471.3,-0.8,12.7
987,,,,,
988,-4.2,11.9,-471.1,-0.8,12.6
989,,,,,
990,-4.3,12.0,-471.2,-1.0,12.7
991,-4.2,12.0,-471.3,-0.8,12.7
992,,,,,
993,,,,,
994,-4.2,12.0,-471.4,-0.9,12.7
995,-4.2,12.0,-471.7,-0.9,12.7
996,,,,,
997,,,,,
998,-4.2,12.0,-471.4,-0.9,12.7
999,,,,,
1000,-4.2,12.0,-471.8,-0.9,12.7
1001,-4.2,12.0,-472.1,-0.9,12.7
1002,,,,,
1003,,,,,
1004,-4.3,12.0,-472.3,-1.0,12.7
1005,-4.3,12.0,-472.3,-1.0,12.7
1006,,,,,
1007,,,,,
1008,-4.2,12.0,-472.4,-0.9,12.7
1009,-4.3,12.0,-472.3,-1.0,12.7
1010,,,,,
1011,-4.3,12.0,-472.0,-1.0,12.7
1012,,,,,
1013,,,,,
1014,-4.3,12.0,-471.7,-1.0,12.7
1015,,,,,
1016,-4.2,12.0,-472.5,-1.0,12.7
1017,-4.2,12.0,-472.2,-1.0,12.7
1018,,,,,
1019,-4.3,12.0,-472.5,-1.1,12.7
1020,,,,,
1021,-4.2,12.0,-472.2,-1.0,12.7
1022,,,,,
1023,,,,,
1024,-4.2,12.0,-471.5,-1.0,12.7
1025,-4.2,12.0,-472.3,-1.0,12.7
1026,,,,,
1027,-4.2,12.0,-472.4,-1.0,12.7
1028,,,,,
1029,-4.2,12.0,-472.3,-1.0,12.7
1030,,,,,
1031,-4.2,12.0,-472.1,-1.0,12.7
1032,,,,,
1033,-4.3,12.0,-472.2,-1.1,12.7
1034,,,,,
1035,-4.2,12.0,-472.0,-1.0,12.7
1036,,,,,
1037,-4.2,12.0,-471.2,-1.0,12.6
1038,,,,,
1039,,,,,
1040,-4.2,12.0,-471.9,-1.1,12.7
1041,,,,,
1042,-4.2,12.0,-472.6,-1.1,12.7
1043,,,,,
1044,-4.2,12.0,-473.1,-1.1,12.7
1045,,,,,
1046,-4.3,12.0,-472.3,-1.2,12.7
1047,,,,,
1048,-4.3,12.0,-473.3,-1.2,12.7
1049,,,,,
1050,-4.2,12.0,-472.2,-1.1,12.7
1051,,,,,
1052,-4.2,12.0,-472.5,-1.2,12.7
1053,-4.2,12.0,-471.8,-1.1,12.7
1054,,,,,
1055,-4.2,12.0,-471.5,-1.1,12.7
1056,,,,,
1057,,,,,
1058,-4.2,12.0,-472.1,-1.1,12.7
1059,,,,,
1060,-4.1,12.0,-472.1,-1.1,12.6
1061,-4.2,12.0,-472.2,-1.2,12.7
1062,,,,,
1063,-4.2,12.0,-472.3,-1.2,12.7
1064,,,,,
1065,-4.3,12.1,-473.7,-1.3,12.7
1066,,,,,
1067,,,,,
1068,-4.2,12.0,-472.5,-1.2,12.7
1069,-4.2,12.0,-471.8,-1.2,12.7
1070,,,,,
1071,,,,,
1072,-4.2,12.0,-471.6,-1.2,12.7
1073,,,,,
1074,-4.3,12.0,-472.0,-1.3,12.7
1075,-4.3,12.0,-472.0,-1.3,12.7
1076,,,,,
1077,-4.2,12.0,-472.3,-1.2,12.7
1078,,,,,
1079,,,,,
1080,-4.2,12.0,-472.4,-1.2,12.7
1081,-4.2,12.0,-471.6,-1.2,12.7
1082,,,,,
1083,,,,,
1084,-4.2,12.0,-471.8,-1.3,12.7
1085,,,,,
1086,-4.3,12.0,-471.7,-1.4,12.7
1087,-4.3,12.0,-471.7,-1.4,12.7
1088,,,,,
1089,,,,,
1090,-4.3,12.0,-472.2,-1.3,12.7
1091,-4.2,12.0,-472.2,-1.3,12.7
1092,,,,,
1093,,,,,
1094,-4.2,12.0,-472.0,-1.3,12.6
1095,,,,,
1096,-4.2,12.0,-471.7,-1.3,12.6
1097,,,,,
1098,-4.2,12.0,-472.4,-1.3,12.6
1099,-4.3,12.0,-472.1,-1.4,12.7
1100,,,,,
1101,,,,,
1102,-4.2,12.0,-471.9,-1.3,12.6
1103,,,,,
1104,-4.3,12.0,-472.2,-1.4,12.7
1105,,,,,
1106,-4.2,12.0,-473.1,-1.3,12.6
1107,,,,,
1108,-4.2,12.0,-472.7,-1.4,12.7
1109,,,,,
1110,-4.3,12.0,-472.2,-1.5,12.7
1111,-4.2,12.0,-472.6,-1.4,12.6
1112,,,,,
1113,,,,,
1114,-4.2,12.0,-472.6,-1.4,12.6
1115,,,,,
1116,-4.3,12.0,-472.0,-1.5,12.7
1117,,,,,
1118,-4.1,12.0,-471.9,-1.3,12.6
1119,-4.2,12.0,-472.1,-1.4,12.6
1120,,,,,
1121,,,,,
1122,-4.2,12.0,-471.8,-1.4,12.6
1123,-4.2,12.0,-471.9,-1.4,12.6
1124,,,,,
1125,,,,,
1126,-4.1,12.0,-471.7,-1.3,12.6
1127,,,,,
1128,-4.2,12.0,-472.0,-1.4,12.6
1129,-4.3,12.0,-472.4,-1.5,12.7
1130,,,,,
1131,-4.1,12.0,-471.6,-1.4,12.6
1132,,,,,
1133,-4.2,12.0,-471.8,-1.4,12.6
1134,,,,,
1135,,,,,
1136,-4.3,12.0,-471.8,-1.6,12.7
1137,,,,,
1138,-4.2,12.0,-471.8,-1.5,12.6
1139,,,,,
1140,-4.3,12.0,-472.9,-1.5,12.6
1141,-4.3,12.0,-472.1,-1.6,12.6
1142,-4.3,12.0,-471.9,-1.6,12.6
1143,,,,,
1144,,,,,
1145,-4.3,12.0,-472.6,-1.6,12.6
1146,,,,,
1147,-4.2,12.0,-472.4,-1.5,12.6
1148,-4.1,12.0,-472.2,-1.4,12.6
1149,,,,,
1150,,,,,
1151,-4.2,12.0,-472.2,-1.6,12.6
1152,,,,,
1153,-4.1,11.9,-472.0,-1.5,12.5
1154,,,,,
1155,-4.4,12.1,-472.7,-1.7000000000000002,12.8
1156,,,,,
1157,-4.2,12.0,-472.6,-1.6,12.6
1158,-4.2,12.0,-472.6,-1.6,12.6
1159,,,,,
1160,-4.2,12.0,-472.0,-1.6,12.6
1161,,,,,
1162,,,,,
1163,-4.1,12.0,-472.6,-1.5,12.6
1164,-4.2,12.0,-472.6,-1.6,12.6
1165,,,,,
1166,,,,,
1167,-4.3,12.0,-473.1,-1.6,12.6
1168,,,,,
1169,-4.2,12.0,-472.4,-1.6,12.6
1170,,,,,
1171,-4.2,12.0,-472.5,-1.6,12.6
1172,,,,,
1173,-4.1,12.0,-472.1,-1.6,12.6
1174,,,,,
1175,-4.2,12.0,-472.4,-1.6,12.6
1176,,,,,
1177,-4.3,12.0,-472.2,-1.7000000000000002,12.6
1178,,,,,
1179,-4.2,12.0,-472.4,-1.6,12.6
1180,,,,,
1181,-4.3,12.1,-473.0,-1.7000000000000002,12.7
1182,,,,,
1183,-4.3,12.1,-473.0,-1.7000000000000002,12.7
1184,,,,,
1185,-4.2,12.0,-472.6,-1.7000000000000002,12.6
1186,-4.2,12.0,-472.4,-1.7000000000000002,12.6
1187,,,,,
1188,,,,,
1189,-4.2,12.0,-472.9,-1.7000000000000002,12.6
1190,-4.2,12.0,-472.7,-1.7000000000000002,12.6
1191,,,,,
1192,-4.1,12.0,-472.6,-1.6,12.6
1193,,,,,
1194,-4.1,12.0,-473.1,-1.6,12.6
1195,,,,,
1196,-4.1,12.0,-472.9,-1.6,12.6
1197,,,,,
1198,,,,,
1199,-4.1,12.0,-472.2,-1.6,12.6
1200,,,,,
1201,-4.3,12.0,-472.9,-1.8,12.6
1202,-4.2,12.0,-472.8,-1.7000000000000002,12.6
1203,,,,,
1204,,,,,
1205,-4.2,12.0,-473.2,-1.7000000000000002,12.6
1206,-4.2,12.0,-472.3,-1.7000000000000002,12.6
1207,,,,,
1208,-4.1,12.0,-472.7,-1.6,12.6
1209,,,,,
1210,-4.2,12.0,-473.0,-1.7000000000000002,12.6
1211,,,,,
1212,-4.2,12.0,-472.9,-1.8,12.6
1213,,,,,
1214,,,,,
1215,-4.2,12.0,-472.8,-1.8,12.6
1216,-4.2,12.0,-472.7,-1.8,12.6
1217,,,,,
1218,-4.2,12.0,-473.7,-1.8,12.6
1219,,,,,
1220,-4.1,12.0,-473.2,-1.7000000000000002,12.6
1221,,,,,
1222,,,,,
1223,-4.1,12.0,-473.1,-1.7000000000000002,12.6
1224,,,,,
1225,-4.2,12.0,-472.7,-1.8,12.6
1226,-4.2,12.0,-472.6,-1.8,12.6
1227,,,,,
1228,-4.3,12.0,-473.1,-1.9,12.6
1229,,,,,
1230,-4.2,12.0,-472.5,-1.8,12.6
1231,,,,,
1232,-4.2,12.0,-473.2,-1.8,12.6
1233,,,,,
1234,,,,,
1235,-4.3,12.0,-472.1,-1.9,12.6
1236,,,,,
1237,-4.2,12.1,-474.4,-1.8,12.7
1238,,,,,
1239,-4.2,12.0,-472.5,-1.8,12.6
1240,,,,,
1241,-4.2,12.0,-472.1,-1.8,12.6
1242,-4.2,12.0,-472.1,-1.9,12.6
1243,,,,,
1244,,,,,
1245,-4.3,12.0,-471.8,-2.0,12.6
1246,,,,,
1247,-4.1,12.0,-471.8,-1.8,12.6
1248,-4.2,12.0,-471.4,-1.9,12.6
1249,,,,,
1250,,,,,
1251,-4.3,12.0,-472.0,-2.0,12.6
1252,-4.2,12.0,-472.2,-1.9,12.6
1253,,,,,
1254,-4.1,12.0,-472.2,-1.8,12.5
1255,,,,,
1256,,,,,
1257,-4.2,12.0,-471.5,-1.9,12.5
1258,,,,,
1259,-4.1,12.0,-471.9,-1.8,12.6
1260,-4.2,12.0,-471.9,-1.9,12.6
1261,,,,,
1262,-4.2,12.0,-472.3,-1.9,12.6
1263,,,,,
1264,,,,,
1265,-4.2,12.0,-472.3,-1.9,12.6
1266,-4.2,12.0,-471.9,-1.9,12.6
1267,,,,,
1268,,,,,
1269,-4.2,12.0,-472.2,-1.9,12.6
1270,,,,,
1271,-4.1,12.0,-472.2,-1.9,12.6
1272,,,,,
1273,-4.2,12.0,-472.5,-1.9,12.6
1274,,,,,
1275,-4.1,12.0,-472.6,-1.9,12.5
1276,-4.2,12.0,-474.9,-1.9,12.6
1277,,,,,
1278,,,,,
1279,-4.1,12.0,-471.9,-1.9,12.5
1280,-4.1,12.0,-472.0,-1.9,12.5
1281,,,,,
1282,,,,,
1283,-4.2,12.0,-472.6,-2.0,12.6
1284,,,,,
1285,-4.2,12.0,-473.0,-2.0,12.6
1286,,,,,
1287,-4.2,12.0,-470.6,-2.0,12.5
1288,,,,,
1289,-4.1,12.0,-472.3,-1.9,12.5
1290,-4.2,12.0,-472.7,-2.0,12.6
1291,,,,,
1292,-4.1,12.0,-472.4,-1.9,12.5
1293,,,,,
1294,,,,,
1295,-4.1,12.0,-471.6,-2.0,12.5
1296,,,,,
1297,-4.1,11.9,-469.8,-1.9,12.5
1298,,,,,
1299,-4.3,12.2,-477.6,-2.1,12.7
1300,,,,,
1301,-4.3,12.1,-477.1,-2.1,12.7
1302,,,,,
1303,-4.2,12.0,-472.5,-2.0,12.6
1304,-4.1,12.0,-472.4,-1.9,12.5
1305,,,,,
1306,,,,,
1307,-4.1,12.0,-471.1,-1.9,12.5
1308,,,,,
1309,-4.2,12.0,-472.2,-2.0,12.5
1310,-4.2,12.1,-473.3,-2.0,12.6
1311,,,,,
1312,-4.2,12.1,-473.0,-2.0,12.6
1313,,,,,
1314,-4.2,12.0,-472.6,-2.1,12.5
1315,,,,,
1316,-4.2,12.0,-476.5,-2.0,12.5
1317,,,,,
1318,-4.2,12.0,-472.2,-2.1,12.5
1319,,,,,
1320,,,,,
1321,-4.1,12.0,-472.4,-2.0,12.5
1322,-4.1,12.0,-471.7,-2.0,12.6
1323,,,,,
1324,,,,,
1325,-4.2,12.0,-471.4,-2.0,12.5
1326,-4.1,12.0,-472.2,-2.0,12.5
1327,,,,,
1328,,,,,
1329,-4.2,12.0,-472.1,-2.1,12.5
1330,,,,,
1331,-4.3,12.0,-472.4,-2.1,12.5
1332,-4.2,12.1,-472.6,-2.1,12.6
1333,,,,,
1334,,,,,
1335,-4.2,12.1,-472.6,-2.1,12.6
1336,,,,,
1337,-4.2,12.0,-473.4,-2.1,12.5
1338,-4.1,12.0,-472.4,-2.0,12.5
1339,,,,,
1340,,,,,
1341,-4.3,12.1,-472.4,-2.2,12.6
1342,,,,,
1343,-4.2,12.0,-472.3,-2.1,12.5
1344,,,,,
1345,-4.3,12.0,-472.1,-2.2,12.6
1346,,,,,
1347,-4.1,12.0,-471.9,-2.0,12.5
1348,-4.1,12.0,-471.2,-2.1,12.5
1349,,,,,
1350,,,,,
1351,-4.1,12.0,-472.4,-2.0,12.5
1352,,,,,
1353,-4.1,12.0,-471.9,-2.1,12.5
1354,,,,,
1355,-4.1,12.0,-472.1,-2.1,12.5
1356,-4.1,12.0,-471.4,-2.1,12.5
1357,,,,,
1358,-4.1,12.0,-472.2,-2.1,12.5
1359,,,,,
1360,-4.2,12.0,-471.6,-2.2,12.5
1361,,,,,
1362,-4.1,12.0,-471.8,-2.1,12.5
1363,,,,,
1364,-4.1,12.0,-472.1,-2.1,12.5
1365,,,,,
1366,,,,,
1367,-4.1,12.0,-472.3,-2.1,12.5
1368,,,,,
1369,-4.1,12.0,-471.6,-2.1,12.5
1370,-4.1,12.0,-472.0,-2.1,12.5
1371,,,,,
1372,-4.2,12.0,-472.2,-2.2,12.5
1373,,,,,
1374,-4.2,12.0,-472.4,-2.2,12.5
1375,,,,,
1376,,,,,
1377,-4.1,12.0,-471.9,-2.1,12.5
1378,-4.2,12.0,-472.5,-2.2,12.5
1379,,,,,
1380,-4.1,12.0,-472.3,-2.1,12.5
1381,,,,,
1382,-4.1,12.0,-472.4,-2.1,12.5
1383,,,,,
1384,-4.3,12.1,-472.6,-2.3,12.6
1385,,,,,
1386,-4.1,12.0,-472.8,-2.1,12.5
1387,,,,,
1388,-4.2,12.0,-472.3,-2.2,12.5
1389,,,,,
1390,,,,,
1391,-4.1,12.0,-471.9,-2.1,12.5
1392,,,,,
1393,-4.1,12.0,-472.4,-2.1,12.5
1394,-4.1,12.0,-472.7,-2.1,12.5
1395,,,,,
1396,,,,,
1397,-4.2,12.0,-472.6,-2.2,12.5
1398,-4.2,12.0,-472.7,-2.2,12.5
1399,,,,,
1400,,,,,
1401,-4.2,12.0,-472.2,-2.2,12.5
1402,,,,,
1403,-4.1,12.0,-472.2,-2.1,12.5
1404,,,,,
1405,-4.1,12.0,-472.1,-2.1,12.5
1406,-4.1,12.0,-472.2,-2.2,12.5
1407,,,,,
1408,-4.2,12.0,-472.7,-2.3,12.5
1409,,,,,
1410,-4.3,12.1,-472.9,-2.3,12.6
1411,,,,,
1412,-4.1,12.0,-473.2,-2.2,12.5
1413,,,,,
1414,-4.1,12.0,-472.7,-2.2,12.5
1415,,,,,
1416,,,,,
1417,-4.1,12.0,-471.6,-2.2,12.5
1418,-4.1,12.0,-471.6,-2.2,12.5
1419,,,,,
1420,,,,,
1421,-4.1,12.0,-471.8,-2.2,12.5
1422,-4.2,12.1,-472.5,-2.2,12.6
1423,,,,,
1424,,,,,
1425,-4.1,12.0,-472.0,-2.2,12.5
1426,,,,,
1427,-4.2,12.1,-472.6,-2.3,12.6
1428,,,,,
1429,-4.2,12.1,-472.5,-2.2,12.6
1430,,,,,
1431,-4.1,12.0,-472.7,-2.2,12.5
1432,,,,,
1433,-4.1,12.0,-472.6,-2.2,12.5
1434,,,,,
1435,-4.2,12.1,-472.4,-2.3,12.6
1436,,,,,
1437,-4.2,12.1,-472.7,-2.3,12.6
1438,,,,,
1439,-4.2,12.0,-472.8,-2.2,12.5
1440,,,,,
1441,-4.1,12.0,-472.5,-2.2,12.5
1442,,,,,
1443,-4.2,12.0,-472.4,-2.3,12.5
1444,-4.1,12.0,-472.2,-2.2,12.5
1445,,,,,
1446,-4.2,12.0,-472.1,-2.3,12.5
1447,,,,,
1448,,,,,
1449,-4.2,12.0,-472.4,-2.3,12.5
1450,-4.2,12.0,-472.7,-2.3,12.5
1451,,,,,
1452,-4.2,12.1,-472.7,-2.3,12.6
1453,,,,,
1454,,,,,
1455,-4.2,12.1,-473.4,-2.3,12.6
1456,,,,,
1457,-4.2,12.0,-473.2,-2.3,12.5
1458,,,,,
1459,-4.1,12.0,-472.3,-2.2,12.5
1460,-4.1,12.0,-472.0,-2.2,12.5
1461,,,,,
1462,,,,,
1463,-4.1,12.1,-472.6,-2.2,12.6
1464,,,,,
1465,-4.2,12.0,-472.9,-2.3,12.5
1466,,,,,
1467,-4.2,12.0,-472.6,-2.3,12.5
1468,-4.1,12.0,-472.7,-2.2,12.5
1469,,,,,
1470,,,,,
1471,-4.1,12.1,-472.7,-2.2,12.5
1472,-4.1,12.0,-472.4,-2.2,12.5
1473,,,,,
1474,-4.1,12.0,-472.2,-2.2,12.5
1475,,,,,
1476,-4.1,12.0,-471.7,-2.2,12.5
1477,,,,,
1478,-4.2,12.0,-472.2,-2.3,12.5
1479,,,,,
1480,-4.2,12.0,-472.3,-2.3,12.5
1481,,,,,
1482,-4.1,12.0,-472.3,-2.2,12.5
1483,,,,,
1484,,,,,
1485,-4.0,12.0,-472.3,-2.1,12.5
1486,,,,,
1487,-4.2,12.1,-472.3,-2.3,12.6
1488,-4.2,12.0,-472.3,-2.4,12.5
1489,,,,,
1490,-4.2,12.1,-472.4,-2.3,12.6
1491,,,,,
1492,,,,,
1493,-4.1,12.1,-472.1,-2.2,12.6
1494,,,,,
1495,-4.1,12.0,-472.3,-2.3,12.5
1496,,,,,
1497,-4.3,12.1,-472.8,-2.4,12.6
1498,-4.1,12.1,-473.3,-2.2,12.6
1499,,,,,
1500,-4.2,12.1,-473.3,-2.3,12.6
1501,,,,,
1502,-4.2,12.1,-472.8,-2.3,12.6
1503,,,,,
1504,-4.2,12.1,-472.4,-2.3,12.6
1505,,,,,
1506,-4.3,12.1,-472.8,-2.4,12.6
1507,,,,,
1508,-4.2,12.1,-472.6,-2.4,12.6
1509,,,,,
1510,-4.1,12.0,-472.3,-2.3,12.5
1511,,,,,
1512,-4.1,12.1,-472.4,-2.3,12.5
1513,,,,,
1514,-4.1,12.0,-472.2,-2.3,12.5
1515,,,,,
1516,-3.9,12.0,-471.9,-2.1,12.4
1517,,,,,
1518,-4.0,12.0,-471.6,-2.1,12.4
1519,,,,,
1520,,,,,
1521,-4.1,12.0,-472.2,-2.3,12.5
1522,-4.0,12.0,-472.2,-2.2,12.5
1523,,,,,
1524,,,,,
1525,-4.2,12.1,-471.8,-2.4,12.6
1526,-4.1,12.0,-471.6,-2.2,12.5
1527,,,,,
1528,,,,,
1529,-4.2,12.0,-471.5,-2.4,12.5
1530,,,,,
1531,-4.2,12.1,-472.1,-2.4,12.6
1532,,,,,
1533,-4.2,12.1,-472.3,-2.4,12.6
1534,,,,,
1535,-4.2,12.1,-472.3,-2.4,12.6
1536,-4.1,12.0,-472.3,-2.3,12.5
1537,,,,,
1538,-4.0,12.0,-471.3,-2.2,12.5
1539,,,,,
1540,,,,,
1541,-4.1,12.0,-472.0,-2.3,12.5
1542,,,,,
1543,-4.1,12.0,-472.1,-2.3,12.5
1544,-4.1,12.0,-472.2,-2.3,12.5
1545,,,,,
1546,-4.2,12.1,-471.5,-2.4,12.6
1547,,,,,
1548,,,,,
1549,-4.3,12.1,-471.7,-2.5,12.6
1550,,,,,
1551,-4.1,12.0,-471.6,-2.2,12.5
1552,,,,,
1553,-4.1,12.1,-472.9,-2.3,12.6
1554,,,,,
1555,-4.0,12.0,-472.5,-2.2,12.5
1556,-4.0,12.0,-472.6,-2.2,12.5
1557,,,,,
1558,,,,,
1559,-4.1,12.1,-472.4,-2.3,12.6
1560,-4.2,12.1,-472.7,-2.3,12.6
1561,,,,,
1562,-4.1,12.0,-472.1,-2.3,12.5
1563,,,,,
1564,,,,,
1565,-4.2,12.1,-471.9,-2.4,12.6
1566,-4.1,12.1,-471.4,-2.3,12.6
1567,,,,,
1568,-4.1,12.1,-471.9,-2.3,12.6
1569,,,,,
1570,,,,,
1571,-4.1,12.0,-471.9,-2.3,12.5
1572,,,,,
1573,-4.2,12.1,-472.3,-2.4,12.5
1574,-4.2,12.0,-472.3,-2.4,12.5
1575,,,,,
1576,-4.1,12.0,-471.7,-2.3,12.5
1577,,,,,
1578,,,,,
1579,-4.1,12.0,-471.8,-2.3,12.5
1580,-4.1,12.0,-471.7,-2.3,12.5
1581,,,,,
1582,-4.1,12.0,-472.0,-2.3,12.5
1583,,,,,
1584,,,,,
1585,-4.1,12.0,-471.5,-2.3,12.5
1586,-4.1,12.0,-472.0,-2.3,12.5
1587,,,,,
1588,,,,,
1589,-4.1,12.0,-471.3,-2.3,12.5
1590,,,,,
1591,-4.1,12.0,-471.3,-2.3,12.5
1592,,,,,
1593,-4.1,12.0,-471.7,-2.3,12.5
1594,,,,,
1595,-4.1,12.0,-471.6,-2.3,12.5
1596,,,,,
1597,-4.0,12.0,-472.0,-2.2,12.5
1598,,,,,
1599,-4.1,12.0,-471.5,-2.3,12.5
1600,,,,,
1601,-4.0,12.0,-471.5,-2.2,12.5
1602,,,,,
1603,-4.2,12.1,-471.5,-2.4,12.6
1604,-4.1,12.0,-471.7,-2.3,12.5
1605,,,,,
1606,-4.1,12.1,-472.4,-2.3,12.6
1607,,,,,
1608,-4.1,12.1,-472.0,-2.3,12.6
1609,,,,,
1610,,,,,
1611,-4.1,12.0,-471.8,-2.3,12.5
1612,-4.2,12.0,-471.9,-2.3,12.5
1613,,,,,
1614,-4.2,12.0,-471.7,-2.4,12.5
1615,,,,,
1616,-4.0,12.0,-471.5,-2.2,12.5
1617,,,,,
1618,-4.1,12.0,-471.9,-2.3,12.5
1619,,,,,
1620,-4.1,12.0,-472.4,-2.3,12.5
1621,,,,,
1622,-4.1,12.1,-472.1,-2.3,12.6
1623,,,,,
1624,,,,,
1625,-4.1,12.0,-471.9,-2.3,12.5
1626,-4.1,12.0,-472.0,-2.3,12.5
1627,,,,,
1628,,,,,
1629,-4.2,12.1,-471.6,-2.4,12.6
1630,,,,,
1631,-4.1,12.1,-471.7,-2.3,12.6
1632,-4.1,12.0,-471.9,-2.3,12.5
1633,,,,,
1634,,,,,
1635,-4.1,12.0,-472.0,-2.3,12.5
1636,-4.1,12.1,-472.2,-2.3,12.6
1637,,,,,
1638,,,,,
1639,-4.1,12.0,-472.2,-2.3,12.5
1640,-4.1,12.0,-471.8,-2.3,12.5
1641,,,,,
1642,,,,,
1643,-4.1,12.1,-471.9,-2.2,12.6
1644,,,,,
1645,-4.1,12.0,-471.7,-2.3,12.5
1646,-4.1,12.0,-472.3,-2.3,12.5
1647,,,,,
1648,,,,,
1649,-4.1,12.0,-472.0,-2.3,12.5
1650,-4.1,12.1,-472.1,-2.2,12.6
1651,,,,,
1652,-4.0,12.0,-471.6,-2.2,12.5
1653,,,,,
1654,,,,,
1655,-4.1,12.1,-472.2,-2.2,12.6
1656,-4.1,12.1,-472.2,-2.2,12.5
1657,,,,,
1658,-4.1,12.0,-472.0,-2.3,12.5
1659,,,,,
1660,-4.1,12.0,-471.8,-2.2,12.5
1661,,,,,
1662,-4.1,12.0,-471.9,-2.2,12.5
1663,,,,,
1664,,,,,
1665,-4.1,12.1,-471.7,-2.2,12.6
1666,,,,,
1667,-4.1,12.0,-471.8,-2.2,12.5
1668,-4.1,12.0,-472.2,-2.2,12.5
1669,,,,,
1670,-4.1,12.1,-472.2,-2.2,12.5
1671,,,,,
1672,-4.1,12.1,-472.3,-2.2,12.6
1673,-4.1,12.1,-472.0,-2.2,12.6
1674,,,,,
1675,-4.0,12.0,-472.1,-2.1,12.5
1676,,,,,
1677,-4.1,12.0,-471.8,-2.2,12.5
1678,,,,,
1679,,,,,
1680,-4.1,12.1,-471.9,-2.2,12.5
1681,-4.1,12.1,-471.9,-2.2,12.6
1682,,,,,
1683,,,,,
1684,-4.0,12.0,-472.0,-2.1,12.5
1685,-4.0,12.0,-472.0,-2.1,12.5
1686,,,,,
1687,-4.1,12.0,-472.2,-2.2,12.5
1688,,,,,
1689,-4.1,12.0,-472.0,-2.2,12.5
1690,,,,,
1691,-4.1,12.0,-472.0,-2.2,12.5
1692,,,,,
1693,,,,,
1694,-4.1,12.1,-472.0,-2.2,12.6
1695,,,,,
1696,-4.2,12.1,-472.1,-2.3,12.6
1697,-4.1,12.1,-472.5,-2.2,12.6
1698,-4.1,12.1,-472.2,-2.2,12.6
1699,-4.0,12.0,-472.1,-2.1,12.5
1700,-4.0,12.0,-471.8,-2.1,12.5
1701,-4.1,12.1,-472.3,-2.2,12.6
1702,-4.1,12.1,-472.1,-2.2,12.6
1703,-4.1,12.0,-472.2,-2.2,12.5
1704,-4.1,12.0,-472.0,-2.2,12.5
1705,-4.1,12.1,-472.1,-2.2,12.6
1706,-4.1,12.1,-472.5,-2.2,12.6
1707,-4.1,12.1,-472.6,-2.2,12.6
1708,-4.1,12.1,-472.3,-2.2,12.6
1709,-4.1,12.1,-472.4,-2.2,12.6
1710,-4.1,12.1,-472.4,-2.1,12.6
1711,-4.1,12.1,-472.1,-2.2,12.6
1712,-4.1,12.1,-472.3,-2.1,12.6
1713,-4.1,12.1,-472.4,-2.1,12.6
1714,-4.1,12.1,-472.2,-2.1,12.6
1715,-4.1,12.1,-472.3,-2.1,12.6
1716,-4.1,12.1,-472.4,-2.1,12.6
1717,-4.1,12.1,-472.5,-2.1,12.6
1718,-4.1,12.1,-472.7,-2.1,12.6
1719,-4.1,12.1,-472.5,-2.1,12.6
1720,-4.1,12.1,-472.6,-2.1,12.6
1721,-4.1,12.1,-472.5,-2.1,12.6
1722,-4.1,12.1,-472.2,-2.1,12.6
1723,-4.1,12.1,-472.2,-2.1,12.6
1724,-4.1,12.1,-472.3,-2.1,12.6
1725,-4.1,12.1,-472.2,-2.1,12.6
1726,-4.1,12.1,-472.4,-2.1,12.6
1727,-4.1,12.1,-472.5,-2.1,12.6
1728,-4.0,12.0,-471.9,-2.0,12.5
1729,-4.1,12.1,-472.2,-2.1,12.6
1730,,,,,
1731,-4.1,12.1,-472.4,-2.1,12.6
1732,,,,,
1733,-4.1,12.1,-472.3,-2.1,12.6
1734,,,,,
1735,,,,,
1736,-4.1,12.1,-471.7,-2.1,12.6
1737,,,,,
1738,-4.1,12.1,-472.1,-2.1,12.6
1739,,,,,
1740,-4.1,12.1,-472.2,-2.1,12.6
1741,-4.1,12.1,-472.3,-2.1,12.6
1742,,,,,
1743,,,,,
1744,-4.1,12.1,-472.1,-2.1,12.6
1745,-4.1,12.1,-472.0,-2.1,12.6
1746,,,,,
1747,,,,,
1748,-4.1,12.1,-472.2,-2.0,12.6
1749,,,,,
1750,-4.1,12.1,-472.4,-2.1,12.6
1751,-4.1,12.1,-472.4,-2.0,12.6
1752,,,,,
1753,,,,,
1754,-4.1,12.1,-472.3,-2.1,12.6
1755,-4.1,12.0,-471.9,-2.0,12.6
1756,,,,,
1757,,,,,
1758,-4.1,12.1,-472.0,-2.0,12.6
1759,-4.1,12.1,-472.5,-2.0,12.6
1760,,,,,
1761,-4.1,12.1,-471.9,-2.0,12.6
1762,,,,,
1763,,,,,
1764,-4.1,12.1,-472.2,-2.0,12.6
1765,-4.1,12.1,-472.1,-2.0,12.6
1766,,,,,
1767,,,,,
1768,-4.1,12.1,-471.8,-2.0,12.6
1769,,,,,
1770,-4.1,12.1,-471.9,-2.0,12.6
1771,-4.1,12.1,-471.9,-2.0,12.6
1772,,,,,
1773,-4.1,12.1,-472.3,-2.0,12.6
1774,,,,,
1775,-4.1,12.1,-472.2,-2.0,12.6
1776,,,,,
1777,,,,,
1778,-4.0,12.1,-472.6,-1.9,12.6
1779,-4.1,12.1,-472.5,-2.0,12.6
1780,,,,,
1781,,,,,
1782,-4.1,12.0,-471.8,-2.0,12.5
1783,-4.1,12.1,-472.1,-2.0,12.6
1784,,,,,
1785,,,,,
1786,-4.0,12.1,-472.1,-1.9,12.6
1787,-4.1,12.1,-472.7,-1.9,12.6
1788,,,,,
1789,-4.0,12.1,-471.9,-1.9,12.6
1790,,,,,
1791,-4.1,12.1,-471.9,-2.0,12.6
1792,,,,,
1793,-4.1,12.1,-472.1,-1.9,12.6
1794,,,,,
1795,,,,,
1796,-4.1,12.1,-472.6,-2.0,12.6
1797,,,,,
1798,-4.0,12.1,-471.9,-1.9,12.6
1799,-4.1,12.1,-472.4,-1.9,12.6
1800,,,,,
1801,,,,,
1802,-4.1,12.1,-472.4,-2.0,12.6
1803,-4.0,12.1,-472.2,-1.8,12.6
1804,,,,,
1805,,,,,
1806,-4.1,12.1,-472.2,-1.9,12.6
1807,,,,,
1808,-4.1,12.1,-472.0,-1.9,12.6
1809,-4.0,12.1,-472.4,-1.8,12.6
1810,,,,,
1811,-4.1,12.1,-472.3,-1.9,12.6
1812,,,,,
1813,,,,,
1814,-4.0,12.1,-472.5,-1.8,12.6
1815,-4.1,12.1,-472.3,-1.9,12.6
1816,,,,,
1817,-4.1,12.1,-472.3,-1.9,12.6
1818,,,,,
1819,,,,,
1820,-4.1,12.1,-472.3,-1.9,12.6
1821,,,,,
1822,-4.0,12.1,-472.1,-1.8,12.6
1823,-4.1,12.1,-472.7,-1.8,12.6
1824,,,,,
1825,,,,,
1826,-4.1,12.1,-472.4,-1.9,12.6
1827,,,,,
1828,-4.1,12.1,-472.5,-1.9,12.6
1829,-4.1,12.1,-472.2,-1.9,12.6
1830,,,,,
1831,-4.0,12.1,-472.4,-1.8,12.6
1832,,,,,
1833,-4.0,12.1,-472.1,-1.8,12.6
1834,,,,,
1835,,,,,
1836,-4.0,12.1,-472.1,-1.8,12.6
1837,-4.0,12.1,-472.1,-1.8,12.6
1838,,,,,
1839,-4.0,12.1,-471.9,-1.8,12.6
1840,,,,,
1841,-4.0,12.1,-472.1,-1.8,12.6
1842,,,,,
1843,,,,,
1844,-4.1,12.1,-472.1,-1.8,12.6
1845,-4.0,12.1,-472.0,-1.7000000000000002,12.6
1846,,,,,
1847,-4.0,12.1,-472.2,-1.7000000000000002,12.6
1848,,,,,
1849,,,,,
1850,-4.0,12.1,-472.1,-1.7000000000000002,12.6
1851,-4.0,12.1,-472.1,-1.7000000000000002,12.6
1852,,,,,
1853,,,,,
1854,-4.0,12.1,-471.8,-1.7000000000000002,12.6
1855,,,,,
1856,-4.0,12.1,-472.2,-1.7000000000000002,12.6
1857,-4.0,12.0,-471.9,-1.7000000000000002,12.5
1858,,,,,
1859,,,,,
1860,-4.0,12.1,-472.0,-1.7000000000000002,12.6
1861,-4.0,12.1,-472.2,-1.7000000000000002,12.6
1862,,,,,
1863,,,,,
1864,-4.0,12.1,-472.8,-1.7000000000000002,12.6
1865,,,,,
1866,-4.1,12.1,-471.9,-1.7000000000000002,12.6
1867,,,,,
1868,-4.0,12.1,-472.1,-1.7000000000000002,12.6
1869,-4.1,12.1,-471.7,-1.7000000000000002,12.6
1870,,,,,
1871,-4.0,12.1,-471.9,-1.7000000000000002,12.6
1872,,,,,
1873,,,,,
1874,-4.0,12.1,-471.7,-1.7000000000000002,12.6
1875,,,,,
1876,-4.0,12.1,-471.9,-1.7000000000000002,12.6
1877,-4.0,12.1,-471.7,-1.6,12.6
1878,,,,,
1879,-4.0,12.1,-472.0,-1.7000000000000002,12.6
1880,,,,,
1881,,,,,
1882,-4.0,12.1,-472.3,-1.6,12.6
1883,,,,,
1884,-4.1,12.1,-472.4,-1.7000000000000002,12.7
1885,-4.0,12.1,-472.2,-1.6,12.6
1886,,,,,
1887,,,,,
1888,-4.0,12.1,-472.0,-1.6,12.6
1889,-4.0,12.1,-471.8,-1.6,12.6
1890,,,,,
1891,,,,,
1892,-4.0,12.1,-472.1,-1.6,12.6
1893,-4.0,12.1,-472.3,-1.6,12.6
1894,,,,,
1895,,,,,
1896,-4.0,12.1,-472.1,-1.6,12.6
1897,-4.1,12.1,-472.0,-1.7000000000000002,12.7
1898,,,,,
1899,-4.0,12.1,-472.0,-1.6,12.6
1900,,,,,
1901,-4.1,12.1,-471.9,-1.7000000000000002,12.7
1902,,,,,
1903,,,,,
1904,-4.0,12.1,-472.7,-1.6,12.6
1905,-4.0,12.1,-472.3,-1.6,12.7
1906,,,,,
1907,,,,,
1908,-4.1,12.1,-472.1,-1.6,12.7
1909,,,,,
1910,-4.0,12.1,-472.2,-1.6,12.6
1911,,,,,
1912,-4.0,12.1,-472.4,-1.5,12.7
1913,-4.0,12.1,-472.3,-1.5,12.7
1914,,,,,
1915,-4.0,12.1,-472.4,-1.5,12.7
1916,,,,,
1917,-4.0,12.1,-472.5,-1.5,12.7
1918,,,,,
1919,-4.0,12.1,-472.4,-1.5,12.7
1920,,,,,
1921,-4.0,12.1,-472.3,-1.5,12.7
1922,,,,,
1923,,,,,
1924,-4.1,12.1,-472.4,-1.6,12.7
1925,-4.0,12.1,-472.3,-1.5,12.7
1926,,,,,
1927,,,,,
1928,-4.0,12.1,-472.6,-1.5,12.7
1929,-4.0,12.1,-472.2,-1.5,12.7
1930,,,,,
1931,,,,,
1932,-4.0,12.1,-472.4,-1.5,12.7
1933,-4.1,12.1,-472.4,-1.6,12.7
1934,,,,,
1935,-4.0,12.1,-472.2,-1.5,12.7
1936,,,,,
1937,,,,,
1938,-4.0,12.1,-472.8,-1.5,12.7
1939,,,,,
1940,-4.0,12.1,-472.5,-1.5,12.7
1941,,,,,
1942,-4.0,12.1,-472.2,-1.4,12.7
1943,-4.0,12.1,-471.8,-1.4,12.6
1944,,,,,
1945,,,,,
1946,-4.0,12.1,-472.7,-1.4,12.7
1947,,,,,
1948,-4.0,12.1,-472.7,-1.4,12.7
1949,-4.0,12.1,-472.4,-1.4,12.7
1950,,,,,
1951,,,,,
1952,-4.0,12.1,-472.0,-1.4,12.7
1953,,,,,
1954,-4.0,12.1,-471.9,-1.4,12.7
1955,,,,,
1956,-4.0,12.1,-472.5,-1.4,12.7
1957,-4.0,12.1,-472.7,-1.4,12.7
1958,,,,,
1959,,,,,
1960,-4.0,12.1,-472.6,-1.4,12.7
1961,,,,,
1962,-4.0,12.1,-472.4,-1.4,12.7
1963,-4.0,12.1,-472.4,-1.4,12.7
1964,,,,,
1965,,,,,
1966,-4.0,12.1,-472.4,-1.4,12.7
1967,-4.0,12.1,-472.0,-1.4,12.7
1968,,,,,
1969,,,,,
1970,-4.0,12.1,-472.6,-1.3,12.7
1971,,,,,
1972,-4.0,12.1,-472.5,-1.3,12.7
1973,,,,,
1974,-4.0,12.1,-471.9,-1.3,12.7
1975,-4.0,12.1,-472.2,-1.3,12.7
1976,,,,,
1977,,,,,
1978,-4.0,12.1,-472.5,-1.3,12.7
1979,-4.0,12.1,-472.3,-1.3,12.7
1980,,,,,
1981,,,,,
1982,-4.0,12.1,-472.2,-1.3,12.7
1983,-4.0,12.1,-472.0,-1.3,12.7
1984,,,,,
1985,-4.0,12.1,-472.2,-1.3,12.7
1986,,,,,
1987,,,,,
1988,-4.0,12.1,-472.4,-1.3,12.7
1989,-4.0,12.1,-472.5,-1.3,12.7
1990,,,,,
1991,,,,,
1992,-4.0,12.1,-472.7,-1.3,12.7
1993,,,,,
1994,-4.0,12.1,-472.3,-1.3,12.7
1995,-4.0,12.1,-472.1,-1.3,12.7
1996,,,,,
1997,-4.0,12.1,-472.8,-1.2,12.7
1998,,,,,
1999,,,,,
2000,-4.0,12.1,-472.3,-1.2,12.7
2001,,,,,
2002,-4.0,12.1,-472.0,-1.2,12.7
2003,,,,,
2004,-4.0,12.1,-472.2,-1.3,12.7
2005,,,,,
2006,-4.0,12.1,-472.5,-1.2,12.7
2007,-4.0,12.1,-472.7,-1.2,12.7
2008,,,,,
2009,-4.1,12.1,-471.9,-1.3,12.7
2010,,,,,
2011,,,,,
2012,-4.0,12.1,-472.4,-1.2,12.7
2013,,,,,
2014,-4.0,12.1,-472.5,-1.2,12.7
2015,,,,,
2016,-4.0,12.1,-472.3,-1.2,12.7
2017,-4.0,12.1,-472.8,-1.2,12.7
2018,,,,,
2019,,,,,
2020,-4.0,12.1,-472.3,-1.2,12.7
2021,-4.0,12.1,-472.5,-1.2,12.7
2022,,,,,
2023,,,,,
2024,-4.0,12.1,-472.3,-1.1,12.7
2025,,,,,
2026,-4.0,12.1,-472.6,-1.2,12.7
2027,-4.0,12.1,-472.6,-1.2,12.7
2028,,,,,
2029,-4.0,12.1,-472.7,-1.1,12.7
2030,,,,,
2031,,,,,
2032,-4.0,12.1,-472.4,-1.1,12.7
2033,-4.0,12.1,-472.5,-1.1,12.7
2034,,,,,
2035,-4.1,12.1,-472.7,-1.2,12.7
2036,,,,,
2037,-4.0,12.1,-472.8,-1.1,12.7
2038,,,,,
2039,,,,,
2040,-4.0,12.1,-472.9,-1.1,12.7
2041,,,,,
2042,-4.0,12.1,-472.8,-1.1,12.7
2043,-4.1,12.1,-473.0,-1.1,12.7
2044,,,,,
2045,-4.0,12.1,-472.7,-1.1,12.7
2046,,,,,
2047,-4.0,12.1,-472.6,-1.1,12.7
2048,,,,,
2049,,,,,
2050,-4.0,12.1,-472.7,-1.0,12.7
2051,,,,,
2052,-4.0,12.1,-472.8,-1.0,12.7
2053,,,,,
2054,-4.0,12.1,-472.7,-1.0,12.7
2055,,,,,
2056,-4.0,12.1,-472.7,-1.0,12.7
2057,,,,,
2058,-4.0,12.1,-472.7,-1.0,12.7
2059,-4.0,12.1,-472.7,-1.0,12.7
2060,,,,,
2061,-4.0,12.1,-472.7,-1.0,12.7
2062,,,,,
2063,-4.0,12.1,-472.5,-1.0,12.7
2064,,,,,
2065,-4.0,12.1,-472.7,-1.0,12.7
2066,,,,,
2067,-4.0,12.1,-472.6,-1.0,12.7
2068,,,,,
2069,-4.0,12.1,-472.7,-1.0,12.7
2070,,,,,
2071,,,,,
2072,-4.0,12.1,-472.8,-1.0,12.7
2073,-4.0,12.1,-472.9,-0.9,12.7
2074,,,,,
2075,,,,,
2076,-4.0,12.1,-472.7,-0.9,12.7
2077,,,,,
2078,-4.0,12.1,-472.6,-0.9,12.7
2079,-4.0,12.1,-472.9,-0.9,12.7
2080,,,,,
2081,,,,,
2082,-4.0,12.1,-472.7,-0.9,12.7
2083,,,,,
2084,-4.0,12.1,-472.5,-0.9,12.7
2085,-4.0,12.1,-472.8,-0.9,12.7
2086,,,,,
2087,-4.0,12.1,-472.7,-0.9,12.7
2088,,,,,
2089,-4.0,12.1,-472.9,-0.9,12.7
2090,,,,,
2091,,,,,
2092,-4.0,12.1,-473.4,-0.9,12.7
2093,,,,,
2094,-4.0,12.1,-472.7,-0.9,12.7
2095,,,,,
2096,-4.0,12.1,-472.7,-0.9,12.7
2097,,,,,
2098,-4.0,12.1,-473.0,-0.9,12.7
2099,-4.0,12.1,-472.9,-0.8,12.7
2100,-4.0,12.1,-473.4,-0.9,12.7
2101,,,,,
2102,,,,,
2103,-4.0,12.1,-473.1,-0.8,12.7
2104,-4.0,12.1,-473.0,-0.8,12.7
2105,,,,,
2106,,,,,
2107,-4.0,12.1,-472.7,-0.8,12.7
2108,-4.0,12.1,-472.9,-0.8,12.7
2109,,,,,
2110,,,,,
2111,-51.6,12.1,-473.0,-46.8,24.8
2112,-4.0,12.1,-473.2,-0.8,12.7
2113,,,,,
2114,,,,,
2115,-4.0,12.1,-473.3,-0.8,12.7
2116,,,,,
2117,-4.0,12.1,-473.0,-0.8,12.7
2118,-4.0,12.1,-473.1,-0.7000000000000001,12.7
2119,,,,,
2120,-4.0,12.1,-472.9,-0.7000000000000001,12.7
2121,,,,,
2122,-4.0,12.1,-472.7,-0.7000000000000001,12.7
2123,,,,,
2124,,,,,
2125,-4.0,12.1,-472.9,-0.7000000000000001,12.7
2126,-4.0,12.1,-472.8,-0.7000000000000001,12.7
2127,,,,,
2128,,,,,
2129,-4.0,12.1,-473.2,-0.7000000000000001,12.7
2130,-4.0,12.1,-473.0,-0.7000000000000001,12.7
2131,,,,,
2132,,,,,
2133,-4.0,12.1,-473.0,-0.7000000000000001,12.7
2134,-4.0,12.1,-473.0,-0.7000000000000001,12.7
2135,,,,,
2136,,,,,
2137,-4.0,12.1,-472.8,-0.7000000000000001,12.7
2138,-4.0,12.1,-472.6,-0.7000000000000001,12.7
2139,,,,,
2140,,,,,
2141,-4.0,12.1,-473.3,-0.7000000000000001,12.7
2142,,,,,
2143,-4.2,12.1,-473.2,-0.8,12.8
2144,,,,,
2145,-4.0,12.1,-473.4,-0.6000000000000001,12.7
2146,-4.1,12.0,-473.1,-0.7000000000000001,12.7
2147,,,,,
2148,,,,,
2149,-4.0,12.1,-472.9,-0.6000000000000001,12.7
2150,-4.0,12.1,-472.8,-0.6000000000000001,12.7
2151,,,,,
2152,-4.0,12.1,-473.0,-0.6000000000000001,12.7
2153,,,,,
2154,-4.0,12.1,-473.2,-0.6000000000000001,12.7
2155,,,,,
2156,,,,,
2157,-4.0,12.1,-473.3,-0.6000000000000001,12.7
2158,-4.0,12.1,-473.0,-0.6000000000000001,12.7
2159,,,,,
2160,,,,,
2161,-4.0,12.1,-472.7,-0.6000000000000001,12.7
2162,-89.9,3.0,-472.7,-85.7,27.2
2163,,,,,
2164,-50.3,6.2,-473.0,-46.8,19.7
2165,-104.7,0.5,-472.7,-100.5,29.0
2166,,,,,
2167,,,,,
2168,-62.3,5.2,-472.7,-58.5,22.1
2169,-4.0,12.1,-472.9,-0.5,12.7
2170,,,,,
2171,,,,,
2172,-102.9,2.4,-472.9,-98.3,30.6
2173,,,,,
2174,-54.8,11.9,-474.0,-49.4,26.5
2175,-100.8,0.0,-473.7,-96.9,27.8
2176,,,,,
2177,-79.9,3.9,-473.2,-75.7,25.9
2178,,,,,
2179,,,,,
2180,-63.4,4.4,-473.0,-59.7,21.8
2181,,,,,
2182,-109.4,0.30000000000000004,-473.1,-105.0,30.7
2183,-110.1,-2.6,-473.3,-106.5,28.2
2184,,,,,
2185,,,,,
2186,-59.7,4.7,-473.5,-56.0,21.2
2187,,,,,
2188,-53.8,5.5,-473.7,-50.1,20.4
2189,-108.1,1.1,-473.1,-103.5,31.4
2190,,,,,
2191,-103.9,-0.30000000000000004,-473.3,-99.8,28.9
2192,,,,,
2193,-108.6,2.4,-472.9,-103.5,32.9
2194,,,,,
2195,-4.0,12.2,-473.8,-0.4,12.8
2196,,,,,
2197,-105.4,4.6,-473.6,-99.7,34.3
2198,,,,,
2199,-100.1,5.0,-473.4,-94.6,33.3
2200,,,,,
2201,-4.1,12.1,-473.0,-0.5,12.8
2202,,,,,
2203,,,,,
2204,-63.7,6.0,-473.1,-59.3,23.9
2205,-104.3,3.4,-473.2,-99.0,33.0
2206,,,,,
2207,-108.0,3.2,-473.6,-102.6,34.0
2208,,,,,
2209,-104.0,3.0,-474.0,-98.7,32.7
2210,,,,,
2211,,,,,
2212,-104.3,3.8,-473.7,-98.8,33.7
2213,-96.7,7.7,-473.8,-90.4,35.3
2214,,,,,
2215,,,,,
2216,-36.2,8.8,-473.5,-32.1,18.9
2217,,,,,
2218,-106.3,1.5,-473.3,-101.3,32.2
2219,,,,,
2220,-90.9,8.9,-473.5,-84.4,35.0
2221,,,,,
2222,-107.7,6.0,-473.6,-101.3,37.1
2223,,,,,
2224,-106.3,0.4,-473.4,-101.6,31.4
2225,,,,,
2226,-106.4,5.7,-473.4,-100.1,36.5
2227,-110.3,-0.7000000000000001,-473.1,-105.7,31.7
2228,,,,,
2229,-4.0,12.1,-473.4,-0.30000000000000004,12.8
2230,,,,,
2231,-110.9,2.1,-473.1,-105.4,34.7
2232,,,,,
2233,,,,,
2234,-108.6,4.1,-472.8,-102.5,36.0
2235,,,,,
2236,-103.3,4.8,-473.5,-97.2,35.1
2237,-4.1,12.0,-473.9,-0.30000000000000004,12.7
2238,,,,,
2239,,,,,
2240,-4.3,11.9,-473.4,-0.6000000000000001,12.6
2241,,,,,
2242,-108.0,1.6,-473.4,-102.6,33.7
2243,,,,,
2244,-107.2,2.3,-474.0,-101.6,34.2
2245,,,,,
2246,-101.1,1.8,-474.1,-95.9,31.9
2247,-103.5,0.7000000000000001,-473.9,-98.5,31.7
2248,,,,,
2249,-103.5,3.5,-473.2,-97.7,34.4
2250,,,,,
2251,-100.8,2.9,-473.7,-95.2,33.2
2252,,,,,
2253,,,,,
2254,-109.6,3.0,-474.1,-103.6,36.0
2255,-106.4,4.0,-473.8,-100.2,36.0
2256,,,,,
2257,-104.8,2.8,-474.0,-99.0,34.4
2258,,,,,
2259,-107.5,6.1,-474.1,-100.6,38.5
2260,,,,,
2261,-105.4,4.8,-473.6,-98.9,36.7
2262,,,,,
2263,-104.2,4.4,-474.0,-97.9,36.0
2264,,,,,
2265,,,,,
2266,-101.2,6.3,-473.9,-94.4,37.0
2267,-103.2,4.9,-473.7,-96.7,36.3
2268,,,,,
2269,-105.7,2.3,-473.9,-99.9,34.7
2270,,,,,
2271,,,,,
2272,-107.0,8.4,-474.0,-99.3,41.0
2273,-100.7,7.9,-473.8,-93.4,38.6
2274,,,,,
2275,-98.0,10.3,-474.2,-90.0,40.1
2276,,,,,
2277,-106.3,9.7,-473.9,-98.1,42.1
2278,,,,,
2279,,,,,
2280,-107.6,0.8,-473.6,-102.0,34.2
2281,-97.3,4.9,-473.6,-91.0,35.0
2282,,,,,
2283,,,,,
2284,-100.7,8.2,-474.3,-93.1,39.3
2285,-97.0,10.0,-474.4,-89.0,39.9
2286,,,,,
2287,-100.9,10.6,-474.2,-92.5,41.7
2288,,,,,
2289,,,,,
2290,-103.9,5.9,-473.7,-96.7,38.3
2291,,,,,
2292,-105.0,8.1,-473.9,-97.1,40.8
2293,,,,,
2294,-99.8,10.2,-474.2,-91.5,41.2
2295,-99.5,10.3,-474.6,-91.1,41.2
2296,,,,,
2297,,,,,
2298,-97.3,11.4,-474.3,-88.7,41.7
2299,,,,,
2300,-94.8,7.1,-474.5,-87.7,36.8
2301,,,,,
2302,-94.0,4.8,-474.4,-87.6,34.5
2303,,,,,
2304,-91.8,8.5,-475.1,-84.3,37.3
2305,,,,,
2306,-87.0,7.8,-474.9,-80.0,35.1
2307,-90.3,6.5,-475.1,-83.4,35.1
2308,,,,,
2309,-89.0,5.8,-474.9,-82.4,34.0
2310,,,,,
2311,,,,,
2312,-96.0,8.6,-474.3,-88.2,39.0
2313,,,,,
2314,-91.8,10.5,-474.8,-83.5,39.5
2315,,,,,
2316,-95.0,8.7,-474.7,-87.1,38.9
2317,-91.4,8.5,-474.5,-83.7,37.6
2318,,,,,
2319,,,,,
2320,-92.4,8.5,-474.1,-84.6,38.0
2321,-93.7,7.0,-474.4,-86.3,37.1
2322,,,,,
2323,-88.5,12.7,-474.8,-79.6,40.9
2324,,,,,
2325,,,,,
2326,-84.1,10.7,-475.1,-76.0,37.6
2327,,,,,
2328,-80.8,12.3,-474.9,-72.3,38.1
2329,-79.3,8.2,-474.6,-72.3,33.7
2330,,,,,
2331,-82.5,8.7,-475.0,-75.1,35.3
2332,,,,,
2333,,,,,
2334,-76.8,11.5,-475.5,-68.7,36.1
2335,-80.2,15.4,-475.0,-70.6,41.0
2336,,,,,
2337,,,,,
2338,-78.2,6.8,-475.0,-71.6,32.2
2339,,,,,
2340,-80.4,10.4,-473.7,-72.5,36.4
2341,-70.6,13.1,-475.0,-62.2,35.7
2342,,,,,
2343,-70.5,14.1,-475.6,-61.8,36.7
2344,,,,,
2345,-66.0,16.7,-475.9,-56.7,37.7
2346,,,,,
2347,,,,,
2348,-64.6,14.7,-457.5,-56.0,35.4
2349,,,,,
2350,-72.7,11.1,-475.7,-64.8,34.7
2351,-70.3,9.6,-466.7,-63.0,32.6
2352,,,,,
2353,-63.6,12.2,-457.8,-55.8,32.8
2354,,,,,
2355,-63.7,14.5,-457.9,-55.2,35.1
2356,-62.4,15.7,-458.2,-53.5,35.8
2357,,,,,
2358,-63.6,14.4,-458.1,-55.0,35.0
2359,,,,,
2360,,,,,
2361,-63.7,17.8,-458.5,-53.9,38.3
2362,-71.2,11.6,-475.8,-63.1,35.0
2363,,,,,
2364,-72.3,14.6,-474.6,-63.1,38.3
2365,,,,,
2366,,,,,
2367,-64.0,12.5,-459.1,-55.9,33.5
2368,,,,,
2369,-73.7,14.1,-475.5,-64.5,38.4
2370,-74.6,13.5,-475.2,-65.5,38.1
2371,,,,,
2372,-73.3,16.2,-475.4,-63.3,40.3
2373,,,,,
2374,,,,,
2375,-69.3,18.6,-473.7,-58.7,41.2
2376,-68.1,17.4,-467.4,-58.0,39.7
2377,,,,,
2378,-63.6,13.1,-457.9,-55.2,34.2
2379,,,,,
2380,,,,,
2381,-64.9,17.7,-458.7,-54.8,39.0
2382,-70.4,16.3,-475.8,-60.4,39.6
2383,,,,,
2384,-76.6,10.7,-475.5,-68.1,36.5
2385,,,,,
2386,-78.8,11.9,-475.3,-69.8,38.5
2387,,,,,
2388,,,,,
2389,-75.6,13.1,-475.1,-66.3,38.5
2390,-72.9,11.4,-473.4,-64.4,36.1
2391,,,,,
2392,-69.5,18.2,-476.2,-58.8,41.3
2393,,,,,
2394,,,,,
2395,-57.3,27.4,-469.2,-44.1,45.6
2396,,,,,
2397,-3.6,11.2,-445.9,0.5,11.7
2398,,,,,
2399,-3.9,12.0,-466.4,0.6000000000000001,12.6
2400,-3.8,12.0,-466.1,0.7000000000000001,12.6
2401,,,,,
2402,,,,,
2403,-3.9,12.0,-466.1,0.6000000000000001,12.6
2404,,,,,
2405,-3.8,12.0,-466.2,0.7000000000000001,12.6
2406,,,,,
2407,-3.9,12.0,-466.2,0.6000000000000001,12.6
2408,-3.9,12.0,-466.7,0.6000000000000001,12.6
2409,,,,,
2410,,,,,
2411,-3.8,12.0,-465.8,0.7000000000000001,12.6
2412,-3.9,12.0,-467.0,0.6000000000000001,12.6
2413,,,,,
2414,-3.9,12.0,-467.3,0.6000000000000001,12.6
2415,,,,,
2416,-3.9,12.0,-467.2,0.6000000000000001,12.6
2417,,,,,
2418,-3.9,12.0,-468.6,0.7000000000000001,12.6
2419,,,,,
2420,-3.9,12.0,-468.4,0.6000000000000001,12.6
2421,,,,,
2422,-3.8,12.0,-468.2,0.7000000000000001,12.6
2423,,,,,
2424,-3.9,12.0,-467.0,0.7000000000000001,12.6
2425,,,,,
2426,-3.9,12.0,-467.0,0.7000000000000001,12.6
2427,,,,,
2428,,,,,
2429,-3.8,12.0,-468.0,0.8,12.6
2430,,,,,
2431,-3.9,12.0,-468.4,0.7000000000000001,12.6
2432,,,,,
2433,-3.9,12.0,-468.5,0.7000000000000001,12.6
2434,-3.9,12.0,-468.6,0.7000000000000001,12.6
2435,,,,,
2436,-3.9,12.1,-468.8,0.8,12.7
2437,,,,,
2438,,,,,
2439,-3.9,12.0,-467.9,0.7000000000000001,12.6
2440,-3.8,12.0,-467.8,0.8,12.6
2441,,,,,
2442,-3.8,11.6,-451.1,0.7000000000000001,12.2
2443,,,,,
2444,-3.8,12.0,-466.1,0.8,12.6
2445,,,,,
2446,,,,,
2447,-3.8,12.0,-466.3,0.8,12.5
2448,,,,,
2449,-4.0,12.0,-467.0,0.7000000000000001,12.6
2450,,,,,
2451,,,,,
2452,55.1,-68.0,-464.2,26.3,-83.5
2453,,,,,
2454,61.6,-45.4,-441.1,40.6,-64.9
2455,42.2,-32.8,-441.1,27.1,-46.0
2456,,,,,
2457,21.0,-25.8,-442.5,10.0,-31.7
2458,,,,,
2459,-3.8,11.9,-464.8,0.9,12.5
2460,,,,,
2461,-84.7,8.3,-475.0,-75.5,39.1
2462,,,,,
2463,,,,,
2464,-90.2,10.9,-475.0,-79.7,43.6
2465,,,,,
2466,-95.4,10.0,-474.3,-84.8,44.8
2467,-92.0,7.8,-474.7,-82.5,41.5
2468,,,,,
2469,,,,,
2470,-95.4,9.6,-474.5,-84.9,44.5
2471,,,,,
2472,-93.3,6.4,-474.4,-84.2,40.8
2473,-95.8,7.5,-474.3,-86.0,42.8
2474,,,,,
2475,-104.0,9.3,-474.2,-92.9,47.6
2476,,,,,
2477,,,,,
2478,-95.4,6.4,-474.2,-86.0,41.7
2479,,,,,
2480,-98.9,7.2,-474.3,-88.9,43.9
2481,,,,,
2482,-98.1,9.3,-474.3,-87.4,45.5
2483,-100.3,8.2,-474.4,-89.8,45.4
2484,,,,,
2485,-100.6,9.4,-474.2,-89.6,46.7
2486,,,,,
2487,-98.2,5.9,-474.4,-88.7,42.6
2488,,,,,
2489,,,,,
2490,-100.5,5.9,-474.4,-90.8,43.5
2491,,,,,
2492,-97.7,8.9,-474.4,-87.0,45.3
2493,,,,,
2494,-90.2,9.3,-474.5,-79.9,42.9
2495,-94.0,8.8,-474.9,-83.6,44.0
2496,,,,,
2497,,,,,
2498,-99.5,5.1,-474.5,-90.0,42.7
2499,-99.5,8.0,-474.1,-88.9,45.4
2500,,,,,
2501,-99.4,7.0,-474.5,-89.2,44.5
2502,,,,,
2503,-3.9,11.8,-460.7,0.9,12.4
2504,,,,,
2505,,,,,
2506,-3.8,12.0,-466.2,1.1,12.5
2507,-3.7,11.5,-447.7,1.0,12.0
2508,,,,,
2509,17.1,-38.8,-446.6,0.9,-42.4
2510,,,,,
2511,,,,,
2512,-3.8,11.9,-461.2,1.1,12.4
2513,,,,,
2514,-3.9,12.0,-466.5,1.0,12.6
2515,,,,,
2516,-3.8,12.0,-466.5,1.1,12.5
2517,-3.9,12.0,-466.7,1.0,12.6
2518,,,,,
2519,-3.8,12.0,-467.4,1.1,12.5
2520,,,,,
2521,,,,,
2522,-3.8,12.0,-467.1,1.2,12.5
2523,-3.6,11.1,-430.1,1.0,11.6
2524,,,,,
2525,,,,,
2526,-62.9,4.5,-474.4,-56.2,28.6
2527,,,,,
2528,-93.7,5.4,-473.9,-84.2,41.5
2529,-94.9,8.6,-474.4,-84.0,45.0
2530,,,,,
2531,,,,,
2532,-94.3,10.4,-474.1,-82.7,46.5
2533,-88.3,17.2,-474.2,-74.5,50.4
2534,,,,,
2535,,,,,
2536,-85.4,14.3,-474.2,-72.9,46.6
2537,-94.0,14.6,-474.8,-80.8,50.4
2538,,,,,
2539,-97.5,13.0,-474.3,-84.5,50.3
2540,,,,,
2541,-97.6,9.4,-474.3,-86.0,47.1
2542,,,,,
2543,,,,,
2544,-96.9,6.0,-474.7,-86.7,43.7
2545,-94.8,11.6,-474.5,-82.5,48.0
2546,,,,,
2547,,,,,
2548,-95.7,9.7,-474.3,-84.0,46.7
2549,,,,,
2550,-92.8,23.4,-475.1,-76.0,58.2
2551,,,,,
2552,-3.7,11.5,-455.1,1.1,12.1
2553,-3.7,11.7,-456.9,1.2,12.3
2554,,,,,
2555,-3.8,12.0,-467.0,1.2,12.5
2556,,,,,
2557,-3.7,11.7,-455.4,1.3,12.2
2558,,,,,
2559,-3.7,11.7,-454.4,1.2,12.2
2560,,,,,
2561,-58.5,-10.5,-474.6,-57.9,13.7
2562,,,,,
2563,-98.7,7.5,-475.8,-87.5,46.3
2564,,,,,
2565,-45.7,12.0,-462.6,-37.1,29.3
2566,,,,,
2567,-3.7,11.5,-447.9,1.2,12.0
2568,,,,,
2569,-3.6,11.5,-448.2,1.3,12.0
2570,,,,,
2571,0.5,0.30000000000000004,-448.2,0.6000000000000001,0.1
2572,,,,,
2573,,,,,
2574,-2.9,9.2,-357.7,1.0,9.6
2575,,,,,
2576,-2.9,9.1,-354.2,1.0,9.5
2577,,,,,
2578,-3.2,10.0,-364.5,1.1,10.4
2579,,,,,
2580,-3.9,12.2,-476.3,1.4,12.7
2581,,,,,
2582,-105.4,7.7,-474.7,-93.3,49.7
2583,-47.6,16.5,-471.1,-36.8,34.4
2584,,,,,
2585,,,,,
2586,-3.7,11.6,-451.6,1.3,12.1
2587,-3.7,11.6,-450.4,1.3,12.1
2588,,,,,
2589,,,,,
2590,-3.7,11.5,-450.0,1.3,12.0
2591,-3.7,11.6,-449.4,1.3,12.1
2592,,,,,
2593,,,,,
2594,-3.8,11.9,-470.0,1.4,12.4
2595,-61.2,0.4,-474.2,-55.7,25.3
2596,,,,,
2597,-109.2,4.8,-474.0,-97.7,49.0
2598,,,,,
2599,,,,,
2600,-112.2,8.7,-474.1,-98.8,53.8
2601,,,,,
2602,-112.3,7.1,-474.2,-99.5,52.5
2603,,,,,
2604,-103.3,6.6,-474.5,-91.5,48.4
2605,-67.0,12.8,-472.6,-55.9,39.2
2606,,,,,
2607,,,,,
2608,-3.7,11.6,-449.2,1.4,12.1
2609,,,,,
2610,-3.7,11.6,-450.2,1.4,12.1
2611,,,,,
2612,-3.7,11.5,-449.1,1.4,12.0
2613,,,,,
2614,-3.6,11.5,-448.2,1.4,12.0
2615,-3.7,11.5,-448.0,1.4,12.0
2616,,,,,
2617,,,,,
2618,-3.7,11.6,-451.8,1.4,12.1
2619,,,,,
2620,-3.7,11.6,-453.7,1.5,12.1
2621,,,,,
2622,-44.6,3.4,-474.3,-39.2,21.6
2623,-108.7,10.7,-474.3,-94.5,54.9
2624,,,,,
2625,-109.5,6.4,-474.1,-96.9,51.4
2626,,,,,
2627,,,,,
2628,-79.9,8.5,-474.3,-69.1,41.0
2629,-107.1,8.8,-474.6,-93.8,52.6
2630,,,,,
2631,-3.6,11.2,-436.4,1.4,11.7
2632,,,,,
2633,-36.2,4.5,-477.3,-31.0,19.2
2634,,,,,
2635,,,,,
2636,-110.2,5.5,-474.6,-97.8,51.1
2637,-3.9,12.2,-475.3,1.6,12.7
2638,,,,,
2639,-3.9,12.2,-475.1,1.6,12.7
2640,,,,,
2641,-4.0,12.2,-475.2,1.5,12.7
2642,,,,,
2643,-60.1,6.5,-474.3,-51.9,31.1
2644,,,,,
2645,,,,,
2646,-81.0,8.8,-474.3,-69.8,42.0
2647,-106.3,1.7000000000000002,-474.3,-95.7,46.3
2648,,,,,
2649,-109.5,6.4,-474.3,-96.6,52.0
2650,,,,,
2651,,,,,
2652,-109.9,6.3,-474.6,-97.0,52.1
